2026-09-14 22:18:33,352 - greencoderefactor - INFO - Starting refactor for directory: repo
2026-09-14 22:18:33,352 - greencoderefactor - INFO - Using provided output directory: tmp
2026-09-14 22:18:33,352 - greencoderefactor - INFO - Transforming file: repo/process_data.py
2026-09-14 22:18:33,352 - greencoderefactor - INFO - Selected transformers: ['ExplicitRaiseToExceptBodyTransformer']
2026-09-14 22:18:33,352 - greencoderefactor - INFO - Reading file repo/process_data.py for transformation.
2026-09-14 22:18:33,353 - greencoderefactor - INFO - Applied rule: ExplicitRaiseToExceptBodyTransformer: Replaced `raise MyException()` with corresponding except block at line 14.
2026-09-14 22:18:33,363 - greencoderefactor - INFO - Changes detected in repo/process_data.py, writing transformed code to tmp/process_data.py.
2026-09-14 22:18:33,363 - greencoderefactor - INFO - Transformation log appended for repo/process_data.py.
2026-09-14 22:18:33,363 - greencoderefactor - INFO - Changes detected. Transformed file written to: tmp/process_data.py
2026-09-14 22:18:33,363 - greencoderefactor - INFO - Transforming file: repo/test_data.py
2026-09-14 22:18:33,363 - greencoderefactor - INFO - Selected transformers: ['ExplicitRaiseToExceptBodyTransformer']
2026-09-14 22:18:33,363 - greencoderefactor - INFO - Reading file repo/test_data.py for transformation.
2026-09-14 22:18:33,364 - greencoderefactor - INFO - Transformation log appended for repo/test_data.py.
2026-09-14 22:18:33,364 - greencoderefactor - INFO - No transformations applied. Copied original file: repo/test_data.py
2026-09-14 22:18:33,364 - greencoderefactor - INFO - Transforming file: repo/operations.py
2026-09-14 22:18:33,364 - greencoderefactor - INFO - Selected transformers: ['ExplicitRaiseToExceptBodyTransformer']
2026-09-14 22:18:33,364 - greencoderefactor - INFO - Reading file repo/operations.py for transformation.
2026-09-14 22:18:33,364 - greencoderefactor - INFO - Transformation log appended for repo/operations.py.
2026-09-14 22:18:33,364 - greencoderefactor - INFO - No transformations applied. Copied original file: repo/operations.py
2026-09-14 22:18:33,364 - greencoderefactor - INFO - Refactor completed successfully
2026-09-14 22:18:33,364 - greencoderefactor - INFO - Refactor completed successfully. Output directory: tmp
2026-09-14 22:19:08,387 - greencoderefactor - INFO - Starting refactor for directory: repo
2026-09-14 22:19:08,387 - greencoderefactor - INFO - Using provided output directory: tmp
2026-09-14 22:19:08,387 - greencoderefactor - INFO - Transforming file: repo/process_data.py
2026-09-14 22:19:08,387 - greencoderefactor - INFO - Selected transformers: ['UnusedLocalVariablesTransformer']
2026-09-14 22:19:08,387 - greencoderefactor - INFO - Reading file repo/process_data.py for transformation.
2026-09-14 22:19:08,388 - greencoderefactor - INFO - Transformation log appended for repo/process_data.py.
2026-09-14 22:19:08,388 - greencoderefactor - INFO - No transformations applied. Output file already exists: tmp/process_data.py
2026-09-14 22:19:08,389 - greencoderefactor - INFO - Transforming file: repo/test_data.py
2026-09-14 22:19:08,389 - greencoderefactor - INFO - Selected transformers: ['UnusedLocalVariablesTransformer']
2026-09-14 22:19:08,389 - greencoderefactor - INFO - Reading file repo/test_data.py for transformation.
2026-09-14 22:19:08,389 - greencoderefactor - INFO - Transformation log appended for repo/test_data.py.
2026-09-14 22:19:08,389 - greencoderefactor - INFO - No transformations applied. Output file already exists: tmp/test_data.py
2026-09-14 22:19:08,389 - greencoderefactor - INFO - Transforming file: repo/operations.py
2026-09-14 22:19:08,389 - greencoderefactor - INFO - Selected transformers: ['UnusedLocalVariablesTransformer']
2026-09-14 22:19:08,389 - greencoderefactor - INFO - Reading file repo/operations.py for transformation.
2026-09-14 22:19:08,389 - greencoderefactor - INFO - Applied rule: UnusedLocalVariablesTransformer: Removed unused variable 'z' at line 9
2026-09-14 22:19:08,389 - greencoderefactor - INFO - Applied rule: UnusedLocalVariablesTransformer: Removed unused variable 'message' at line 10
2026-09-14 22:19:08,389 - greencoderefactor - INFO - Applied rule: UnusedLocalVariablesTransformer: Removed unused variable 'pi' at line 11
2026-09-14 22:19:08,389 - greencoderefactor - INFO - Applied rule: UnusedLocalVariablesTransformer: Removed unused variable 'temp' at line 16
2026-09-14 22:19:08,389 - greencoderefactor - INFO - Applied rule: UnusedLocalVariablesTransformer: Removed unused variable 'flag' at line 17
2026-09-14 22:19:08,389 - greencoderefactor - INFO - Applied rule: UnusedLocalVariablesTransformer: Removed unused variable 'rate' at line 18
2026-09-14 22:19:08,389 - greencoderefactor - INFO - Applied rule: UnusedLocalVariablesTransformer: Removed unused variable 'y' at line 8
2026-09-14 22:19:08,389 - greencoderefactor - INFO - Changes detected in repo/operations.py, writing transformed code to tmp/operations.py.
2026-09-14 22:19:08,390 - greencoderefactor - INFO - Transformation log appended for repo/operations.py.
2026-09-14 22:19:08,390 - greencoderefactor - INFO - Changes detected. Transformed file written to: tmp/operations.py
2026-09-14 22:19:08,390 - greencoderefactor - INFO - Refactor completed successfully
2026-09-14 22:19:08,390 - greencoderefactor - INFO - Refactor completed successfully. Output directory: tmp
2026-09-14 22:19:18,923 - greencoderefactor - INFO - Starting refactor for directory: repo
2026-09-14 22:19:18,923 - greencoderefactor - INFO - Using provided output directory: tmp
2026-09-14 22:19:18,923 - greencoderefactor - INFO - Transforming file: repo/process_data.py
2026-09-14 22:19:18,923 - greencoderefactor - INFO - Selected transformers: ['UnusedAssignmentTransformer']
2026-09-14 22:19:18,923 - greencoderefactor - INFO - Reading file repo/process_data.py for transformation.
2026-09-14 22:19:18,925 - greencoderefactor - INFO - Transformation log appended for repo/process_data.py.
2026-09-14 22:19:18,925 - greencoderefactor - INFO - No transformations applied. Output file already exists: tmp/process_data.py
2026-09-14 22:19:18,925 - greencoderefactor - INFO - Transforming file: repo/test_data.py
2026-09-14 22:19:18,925 - greencoderefactor - INFO - Selected transformers: ['UnusedAssignmentTransformer']
2026-09-14 22:19:18,925 - greencoderefactor - INFO - Reading file repo/test_data.py for transformation.
2026-09-14 22:19:18,925 - greencoderefactor - INFO - Transformation log appended for repo/test_data.py.
2026-09-14 22:19:18,925 - greencoderefactor - INFO - No transformations applied. Output file already exists: tmp/test_data.py
2026-09-14 22:19:18,925 - greencoderefactor - INFO - Transforming file: repo/operations.py
2026-09-14 22:19:18,925 - greencoderefactor - INFO - Selected transformers: ['UnusedAssignmentTransformer']
2026-09-14 22:19:18,925 - greencoderefactor - INFO - Reading file repo/operations.py for transformation.
2026-09-14 22:19:18,925 - greencoderefactor - INFO - Applied rule: UnusedAssignmentTransformer: Removed consecutive dead store to 'b' at line 3
2026-09-14 22:19:18,925 - greencoderefactor - INFO - Applied rule: UnusedAssignmentTransformer: Removed consecutive dead store to 'b' at line 4
2026-09-14 22:19:18,925 - greencoderefactor - INFO - Changes detected in repo/operations.py, writing transformed code to tmp/operations.py.
2026-09-14 22:19:18,926 - greencoderefactor - INFO - Transformation log appended for repo/operations.py.
2026-09-14 22:19:18,926 - greencoderefactor - INFO - Changes detected. Transformed file written to: tmp/operations.py
2026-09-14 22:19:18,926 - greencoderefactor - INFO - Refactor completed successfully
2026-09-14 22:19:18,926 - greencoderefactor - INFO - Refactor completed successfully. Output directory: tmp
2026-09-14 22:35:36,279 - greencoderefactor - INFO - Starting refactor for directory: /home/carlos/Escritorio/BENEVOL/results/iteration1/repo
2026-09-14 22:35:36,279 - greencoderefactor - INFO - Using provided output directory: /home/carlos/Escritorio/BENEVOL/results/iteration1/tmp_ExplicitRaiseToExceptBodyTransformer
2026-09-14 22:35:36,280 - greencoderefactor - INFO - Transforming file: /home/carlos/Escritorio/BENEVOL/results/iteration1/repo/process_data.py
2026-09-14 22:35:36,280 - greencoderefactor - INFO - Selected transformers: ['ExplicitRaiseToExceptBodyTransformer']
2026-09-14 22:35:36,280 - greencoderefactor - INFO - Reading file /home/carlos/Escritorio/BENEVOL/results/iteration1/repo/process_data.py for transformation.
2026-09-14 22:35:36,281 - greencoderefactor - INFO - Transformation log appended for /home/carlos/Escritorio/BENEVOL/results/iteration1/repo/process_data.py.
2026-09-14 22:35:36,281 - greencoderefactor - INFO - No transformations applied. Copied original file: /home/carlos/Escritorio/BENEVOL/results/iteration1/repo/process_data.py
2026-09-14 22:35:36,281 - greencoderefactor - INFO - Transforming file: /home/carlos/Escritorio/BENEVOL/results/iteration1/repo/test_data.py
2026-09-14 22:35:36,281 - greencoderefactor - INFO - Selected transformers: ['ExplicitRaiseToExceptBodyTransformer']
2026-09-14 22:35:36,281 - greencoderefactor - INFO - Reading file /home/carlos/Escritorio/BENEVOL/results/iteration1/repo/test_data.py for transformation.
2026-09-14 22:35:36,281 - greencoderefactor - INFO - Transformation log appended for /home/carlos/Escritorio/BENEVOL/results/iteration1/repo/test_data.py.
2026-09-14 22:35:36,281 - greencoderefactor - INFO - No transformations applied. Copied original file: /home/carlos/Escritorio/BENEVOL/results/iteration1/repo/test_data.py
2026-09-14 22:35:36,281 - greencoderefactor - INFO - Transforming file: /home/carlos/Escritorio/BENEVOL/results/iteration1/repo/operations.py
2026-09-14 22:35:36,281 - greencoderefactor - INFO - Selected transformers: ['ExplicitRaiseToExceptBodyTransformer']
2026-09-14 22:35:36,281 - greencoderefactor - INFO - Reading file /home/carlos/Escritorio/BENEVOL/results/iteration1/repo/operations.py for transformation.
2026-09-14 22:35:36,282 - greencoderefactor - INFO - Transformation log appended for /home/carlos/Escritorio/BENEVOL/results/iteration1/repo/operations.py.
2026-09-14 22:35:36,282 - greencoderefactor - INFO - No transformations applied. Copied original file: /home/carlos/Escritorio/BENEVOL/results/iteration1/repo/operations.py
2026-09-14 22:35:36,282 - greencoderefactor - INFO - No code changes detected
2026-09-14 22:35:36,282 - greencoderefactor - INFO - Refactor completed successfully. Output directory: /home/carlos/Escritorio/BENEVOL/results/iteration1/tmp_ExplicitRaiseToExceptBodyTransformer
2026-09-14 22:35:36,329 - greencoderefactor - INFO - Starting refactor for directory: /home/carlos/Escritorio/BENEVOL/results/iteration1/repo
2026-09-14 22:35:36,329 - greencoderefactor - INFO - Using provided output directory: /home/carlos/Escritorio/BENEVOL/results/iteration1/tmp_UnusedLocalVariablesTransformer
2026-09-14 22:35:36,329 - greencoderefactor - INFO - Transforming file: /home/carlos/Escritorio/BENEVOL/results/iteration1/repo/process_data.py
2026-09-14 22:35:36,329 - greencoderefactor - INFO - Selected transformers: ['UnusedLocalVariablesTransformer']
2026-09-14 22:35:36,329 - greencoderefactor - INFO - Reading file /home/carlos/Escritorio/BENEVOL/results/iteration1/repo/process_data.py for transformation.
2026-09-14 22:35:36,330 - greencoderefactor - INFO - Transformation log appended for /home/carlos/Escritorio/BENEVOL/results/iteration1/repo/process_data.py.
2026-09-14 22:35:36,330 - greencoderefactor - INFO - No transformations applied. Copied original file: /home/carlos/Escritorio/BENEVOL/results/iteration1/repo/process_data.py
2026-09-14 22:35:36,330 - greencoderefactor - INFO - Transforming file: /home/carlos/Escritorio/BENEVOL/results/iteration1/repo/test_data.py
2026-09-14 22:35:36,330 - greencoderefactor - INFO - Selected transformers: ['UnusedLocalVariablesTransformer']
2026-09-14 22:35:36,330 - greencoderefactor - INFO - Reading file /home/carlos/Escritorio/BENEVOL/results/iteration1/repo/test_data.py for transformation.
2026-09-14 22:35:36,331 - greencoderefactor - INFO - Transformation log appended for /home/carlos/Escritorio/BENEVOL/results/iteration1/repo/test_data.py.
2026-09-14 22:35:36,331 - greencoderefactor - INFO - No transformations applied. Copied original file: /home/carlos/Escritorio/BENEVOL/results/iteration1/repo/test_data.py
2026-09-14 22:35:36,331 - greencoderefactor - INFO - Transforming file: /home/carlos/Escritorio/BENEVOL/results/iteration1/repo/operations.py
2026-09-14 22:35:36,331 - greencoderefactor - INFO - Selected transformers: ['UnusedLocalVariablesTransformer']
2026-09-14 22:35:36,331 - greencoderefactor - INFO - Reading file /home/carlos/Escritorio/BENEVOL/results/iteration1/repo/operations.py for transformation.
2026-09-14 22:35:36,331 - greencoderefactor - INFO - Transformation log appended for /home/carlos/Escritorio/BENEVOL/results/iteration1/repo/operations.py.
2026-09-14 22:35:36,331 - greencoderefactor - INFO - No transformations applied. Copied original file: /home/carlos/Escritorio/BENEVOL/results/iteration1/repo/operations.py
2026-09-14 22:35:36,331 - greencoderefactor - INFO - No code changes detected
2026-09-14 22:35:36,331 - greencoderefactor - INFO - Refactor completed successfully. Output directory: /home/carlos/Escritorio/BENEVOL/results/iteration1/tmp_UnusedLocalVariablesTransformer
2026-09-14 22:35:36,369 - greencoderefactor - INFO - Starting refactor for directory: /home/carlos/Escritorio/BENEVOL/results/iteration1/repo
2026-09-14 22:35:36,369 - greencoderefactor - INFO - Using provided output directory: /home/carlos/Escritorio/BENEVOL/results/iteration1/tmp_UnusedAssignmentTransformer
2026-09-14 22:35:36,369 - greencoderefactor - INFO - Transforming file: /home/carlos/Escritorio/BENEVOL/results/iteration1/repo/process_data.py
2026-09-14 22:35:36,369 - greencoderefactor - INFO - Selected transformers: ['UnusedAssignmentTransformer']
2026-09-14 22:35:36,369 - greencoderefactor - INFO - Reading file /home/carlos/Escritorio/BENEVOL/results/iteration1/repo/process_data.py for transformation.
2026-09-14 22:35:36,370 - greencoderefactor - INFO - Transformation log appended for /home/carlos/Escritorio/BENEVOL/results/iteration1/repo/process_data.py.
2026-09-14 22:35:36,371 - greencoderefactor - INFO - No transformations applied. Copied original file: /home/carlos/Escritorio/BENEVOL/results/iteration1/repo/process_data.py
2026-09-14 22:35:36,371 - greencoderefactor - INFO - Transforming file: /home/carlos/Escritorio/BENEVOL/results/iteration1/repo/test_data.py
2026-09-14 22:35:36,371 - greencoderefactor - INFO - Selected transformers: ['UnusedAssignmentTransformer']
2026-09-14 22:35:36,371 - greencoderefactor - INFO - Reading file /home/carlos/Escritorio/BENEVOL/results/iteration1/repo/test_data.py for transformation.
2026-09-14 22:35:36,371 - greencoderefactor - INFO - Transformation log appended for /home/carlos/Escritorio/BENEVOL/results/iteration1/repo/test_data.py.
2026-09-14 22:35:36,371 - greencoderefactor - INFO - No transformations applied. Copied original file: /home/carlos/Escritorio/BENEVOL/results/iteration1/repo/test_data.py
2026-09-14 22:35:36,371 - greencoderefactor - INFO - Transforming file: /home/carlos/Escritorio/BENEVOL/results/iteration1/repo/operations.py
2026-09-14 22:35:36,371 - greencoderefactor - INFO - Selected transformers: ['UnusedAssignmentTransformer']
2026-09-14 22:35:36,371 - greencoderefactor - INFO - Reading file /home/carlos/Escritorio/BENEVOL/results/iteration1/repo/operations.py for transformation.
2026-09-14 22:35:36,371 - greencoderefactor - INFO - Transformation log appended for /home/carlos/Escritorio/BENEVOL/results/iteration1/repo/operations.py.
2026-09-14 22:35:36,372 - greencoderefactor - INFO - No transformations applied. Copied original file: /home/carlos/Escritorio/BENEVOL/results/iteration1/repo/operations.py
2026-09-14 22:35:36,372 - greencoderefactor - INFO - No code changes detected
2026-09-14 22:35:36,372 - greencoderefactor - INFO - Refactor completed successfully. Output directory: /home/carlos/Escritorio/BENEVOL/results/iteration1/tmp_UnusedAssignmentTransformer
2026-09-14 22:35:36,405 - greencoderefactor - INFO - Starting refactor for directory: /home/carlos/Escritorio/BENEVOL/results/iteration2/repo
2026-09-14 22:35:36,405 - greencoderefactor - INFO - Using provided output directory: /home/carlos/Escritorio/BENEVOL/results/iteration2/tmp_ExplicitRaiseToExceptBodyTransformer
2026-09-14 22:35:36,405 - greencoderefactor - INFO - Transforming file: /home/carlos/Escritorio/BENEVOL/results/iteration2/repo/process_data.py
2026-09-14 22:35:36,405 - greencoderefactor - INFO - Selected transformers: ['ExplicitRaiseToExceptBodyTransformer']
2026-09-14 22:35:36,405 - greencoderefactor - INFO - Reading file /home/carlos/Escritorio/BENEVOL/results/iteration2/repo/process_data.py for transformation.
2026-09-14 22:35:36,406 - greencoderefactor - INFO - Transformation log appended for /home/carlos/Escritorio/BENEVOL/results/iteration2/repo/process_data.py.
2026-09-14 22:35:36,406 - greencoderefactor - INFO - No transformations applied. Copied original file: /home/carlos/Escritorio/BENEVOL/results/iteration2/repo/process_data.py
2026-09-14 22:35:36,406 - greencoderefactor - INFO - Transforming file: /home/carlos/Escritorio/BENEVOL/results/iteration2/repo/test_data.py
2026-09-14 22:35:36,406 - greencoderefactor - INFO - Selected transformers: ['ExplicitRaiseToExceptBodyTransformer']
2026-09-14 22:35:36,406 - greencoderefactor - INFO - Reading file /home/carlos/Escritorio/BENEVOL/results/iteration2/repo/test_data.py for transformation.
2026-09-14 22:35:36,407 - greencoderefactor - INFO - Transformation log appended for /home/carlos/Escritorio/BENEVOL/results/iteration2/repo/test_data.py.
2026-09-14 22:35:36,407 - greencoderefactor - INFO - No transformations applied. Copied original file: /home/carlos/Escritorio/BENEVOL/results/iteration2/repo/test_data.py
2026-09-14 22:35:36,407 - greencoderefactor - INFO - Transforming file: /home/carlos/Escritorio/BENEVOL/results/iteration2/repo/operations.py
2026-09-14 22:35:36,407 - greencoderefactor - INFO - Selected transformers: ['ExplicitRaiseToExceptBodyTransformer']
2026-09-14 22:35:36,407 - greencoderefactor - INFO - Reading file /home/carlos/Escritorio/BENEVOL/results/iteration2/repo/operations.py for transformation.
2026-09-14 22:35:36,407 - greencoderefactor - INFO - Transformation log appended for /home/carlos/Escritorio/BENEVOL/results/iteration2/repo/operations.py.
2026-09-14 22:35:36,407 - greencoderefactor - INFO - No transformations applied. Copied original file: /home/carlos/Escritorio/BENEVOL/results/iteration2/repo/operations.py
2026-09-14 22:35:36,407 - greencoderefactor - INFO - No code changes detected
2026-09-14 22:35:36,407 - greencoderefactor - INFO - Refactor completed successfully. Output directory: /home/carlos/Escritorio/BENEVOL/results/iteration2/tmp_ExplicitRaiseToExceptBodyTransformer
2026-09-14 22:35:36,449 - greencoderefactor - INFO - Starting refactor for directory: /home/carlos/Escritorio/BENEVOL/results/iteration2/repo
2026-09-14 22:35:36,449 - greencoderefactor - INFO - Using provided output directory: /home/carlos/Escritorio/BENEVOL/results/iteration2/tmp_UnusedLocalVariablesTransformer
2026-09-14 22:35:36,449 - greencoderefactor - INFO - Transforming file: /home/carlos/Escritorio/BENEVOL/results/iteration2/repo/process_data.py
2026-09-14 22:35:36,449 - greencoderefactor - INFO - Selected transformers: ['UnusedLocalVariablesTransformer']
2026-09-14 22:35:36,449 - greencoderefactor - INFO - Reading file /home/carlos/Escritorio/BENEVOL/results/iteration2/repo/process_data.py for transformation.
2026-09-14 22:35:36,450 - greencoderefactor - INFO - Transformation log appended for /home/carlos/Escritorio/BENEVOL/results/iteration2/repo/process_data.py.
2026-09-14 22:35:36,450 - greencoderefactor - INFO - No transformations applied. Copied original file: /home/carlos/Escritorio/BENEVOL/results/iteration2/repo/process_data.py
2026-09-14 22:35:36,450 - greencoderefactor - INFO - Transforming file: /home/carlos/Escritorio/BENEVOL/results/iteration2/repo/test_data.py
2026-09-14 22:35:36,450 - greencoderefactor - INFO - Selected transformers: ['UnusedLocalVariablesTransformer']
2026-09-14 22:35:36,450 - greencoderefactor - INFO - Reading file /home/carlos/Escritorio/BENEVOL/results/iteration2/repo/test_data.py for transformation.
2026-09-14 22:35:36,450 - greencoderefactor - INFO - Transformation log appended for /home/carlos/Escritorio/BENEVOL/results/iteration2/repo/test_data.py.
2026-09-14 22:35:36,450 - greencoderefactor - INFO - No transformations applied. Copied original file: /home/carlos/Escritorio/BENEVOL/results/iteration2/repo/test_data.py
2026-09-14 22:35:36,450 - greencoderefactor - INFO - Transforming file: /home/carlos/Escritorio/BENEVOL/results/iteration2/repo/operations.py
2026-09-14 22:35:36,451 - greencoderefactor - INFO - Selected transformers: ['UnusedLocalVariablesTransformer']
2026-09-14 22:35:36,451 - greencoderefactor - INFO - Reading file /home/carlos/Escritorio/BENEVOL/results/iteration2/repo/operations.py for transformation.
2026-09-14 22:35:36,451 - greencoderefactor - INFO - Transformation log appended for /home/carlos/Escritorio/BENEVOL/results/iteration2/repo/operations.py.
2026-09-14 22:35:36,451 - greencoderefactor - INFO - No transformations applied. Copied original file: /home/carlos/Escritorio/BENEVOL/results/iteration2/repo/operations.py
2026-09-14 22:35:36,451 - greencoderefactor - INFO - No code changes detected
2026-09-14 22:35:36,451 - greencoderefactor - INFO - Refactor completed successfully. Output directory: /home/carlos/Escritorio/BENEVOL/results/iteration2/tmp_UnusedLocalVariablesTransformer
2026-09-14 22:35:36,483 - greencoderefactor - INFO - Starting refactor for directory: /home/carlos/Escritorio/BENEVOL/results/iteration2/repo
2026-09-14 22:35:36,483 - greencoderefactor - INFO - Using provided output directory: /home/carlos/Escritorio/BENEVOL/results/iteration2/tmp_UnusedAssignmentTransformer
2026-09-14 22:35:36,483 - greencoderefactor - INFO - Transforming file: /home/carlos/Escritorio/BENEVOL/results/iteration2/repo/process_data.py
2026-09-14 22:35:36,483 - greencoderefactor - INFO - Selected transformers: ['UnusedAssignmentTransformer']
2026-09-14 22:35:36,483 - greencoderefactor - INFO - Reading file /home/carlos/Escritorio/BENEVOL/results/iteration2/repo/process_data.py for transformation.
2026-09-14 22:35:36,484 - greencoderefactor - INFO - Transformation log appended for /home/carlos/Escritorio/BENEVOL/results/iteration2/repo/process_data.py.
2026-09-14 22:35:36,484 - greencoderefactor - INFO - No transformations applied. Copied original file: /home/carlos/Escritorio/BENEVOL/results/iteration2/repo/process_data.py
2026-09-14 22:35:36,484 - greencoderefactor - INFO - Transforming file: /home/carlos/Escritorio/BENEVOL/results/iteration2/repo/test_data.py
2026-09-14 22:35:36,484 - greencoderefactor - INFO - Selected transformers: ['UnusedAssignmentTransformer']
2026-09-14 22:35:36,484 - greencoderefactor - INFO - Reading file /home/carlos/Escritorio/BENEVOL/results/iteration2/repo/test_data.py for transformation.
2026-09-14 22:35:36,484 - greencoderefactor - INFO - Transformation log appended for /home/carlos/Escritorio/BENEVOL/results/iteration2/repo/test_data.py.
2026-09-14 22:35:36,485 - greencoderefactor - INFO - No transformations applied. Copied original file: /home/carlos/Escritorio/BENEVOL/results/iteration2/repo/test_data.py
2026-09-14 22:35:36,485 - greencoderefactor - INFO - Transforming file: /home/carlos/Escritorio/BENEVOL/results/iteration2/repo/operations.py
2026-09-14 22:35:36,485 - greencoderefactor - INFO - Selected transformers: ['UnusedAssignmentTransformer']
2026-09-14 22:35:36,485 - greencoderefactor - INFO - Reading file /home/carlos/Escritorio/BENEVOL/results/iteration2/repo/operations.py for transformation.
2026-09-14 22:35:36,485 - greencoderefactor - INFO - Transformation log appended for /home/carlos/Escritorio/BENEVOL/results/iteration2/repo/operations.py.
2026-09-14 22:35:36,485 - greencoderefactor - INFO - No transformations applied. Copied original file: /home/carlos/Escritorio/BENEVOL/results/iteration2/repo/operations.py
2026-09-14 22:35:36,485 - greencoderefactor - INFO - No code changes detected
2026-09-14 22:35:36,485 - greencoderefactor - INFO - Refactor completed successfully. Output directory: /home/carlos/Escritorio/BENEVOL/results/iteration2/tmp_UnusedAssignmentTransformer
2026-09-14 22:35:36,520 - greencoderefactor - INFO - Starting refactor for directory: /home/carlos/Escritorio/BENEVOL/results/iteration3/repo
2026-09-14 22:35:36,520 - greencoderefactor - INFO - Using provided output directory: /home/carlos/Escritorio/BENEVOL/results/iteration3/tmp_ExplicitRaiseToExceptBodyTransformer
2026-09-14 22:35:36,521 - greencoderefactor - INFO - Transforming file: /home/carlos/Escritorio/BENEVOL/results/iteration3/repo/process_data.py
2026-09-14 22:35:36,521 - greencoderefactor - INFO - Selected transformers: ['ExplicitRaiseToExceptBodyTransformer']
2026-09-14 22:35:36,521 - greencoderefactor - INFO - Reading file /home/carlos/Escritorio/BENEVOL/results/iteration3/repo/process_data.py for transformation.
2026-09-14 22:35:36,522 - greencoderefactor - INFO - Transformation log appended for /home/carlos/Escritorio/BENEVOL/results/iteration3/repo/process_data.py.
2026-09-14 22:35:36,522 - greencoderefactor - INFO - No transformations applied. Copied original file: /home/carlos/Escritorio/BENEVOL/results/iteration3/repo/process_data.py
2026-09-14 22:35:36,522 - greencoderefactor - INFO - Transforming file: /home/carlos/Escritorio/BENEVOL/results/iteration3/repo/test_data.py
2026-09-14 22:35:36,522 - greencoderefactor - INFO - Selected transformers: ['ExplicitRaiseToExceptBodyTransformer']
2026-09-14 22:35:36,522 - greencoderefactor - INFO - Reading file /home/carlos/Escritorio/BENEVOL/results/iteration3/repo/test_data.py for transformation.
2026-09-14 22:35:36,522 - greencoderefactor - INFO - Transformation log appended for /home/carlos/Escritorio/BENEVOL/results/iteration3/repo/test_data.py.
2026-09-14 22:35:36,522 - greencoderefactor - INFO - No transformations applied. Copied original file: /home/carlos/Escritorio/BENEVOL/results/iteration3/repo/test_data.py
2026-09-14 22:35:36,522 - greencoderefactor - INFO - Transforming file: /home/carlos/Escritorio/BENEVOL/results/iteration3/repo/operations.py
2026-09-14 22:35:36,522 - greencoderefactor - INFO - Selected transformers: ['ExplicitRaiseToExceptBodyTransformer']
2026-09-14 22:35:36,522 - greencoderefactor - INFO - Reading file /home/carlos/Escritorio/BENEVOL/results/iteration3/repo/operations.py for transformation.
2026-09-14 22:35:36,523 - greencoderefactor - INFO - Transformation log appended for /home/carlos/Escritorio/BENEVOL/results/iteration3/repo/operations.py.
2026-09-14 22:35:36,523 - greencoderefactor - INFO - No transformations applied. Copied original file: /home/carlos/Escritorio/BENEVOL/results/iteration3/repo/operations.py
2026-09-14 22:35:36,523 - greencoderefactor - INFO - No code changes detected
2026-09-14 22:35:36,523 - greencoderefactor - INFO - Refactor completed successfully. Output directory: /home/carlos/Escritorio/BENEVOL/results/iteration3/tmp_ExplicitRaiseToExceptBodyTransformer
2026-09-14 22:35:36,564 - greencoderefactor - INFO - Starting refactor for directory: /home/carlos/Escritorio/BENEVOL/results/iteration3/repo
2026-09-14 22:35:36,564 - greencoderefactor - INFO - Using provided output directory: /home/carlos/Escritorio/BENEVOL/results/iteration3/tmp_UnusedLocalVariablesTransformer
2026-09-14 22:35:36,564 - greencoderefactor - INFO - Transforming file: /home/carlos/Escritorio/BENEVOL/results/iteration3/repo/process_data.py
2026-09-14 22:35:36,564 - greencoderefactor - INFO - Selected transformers: ['UnusedLocalVariablesTransformer']
2026-09-14 22:35:36,564 - greencoderefactor - INFO - Reading file /home/carlos/Escritorio/BENEVOL/results/iteration3/repo/process_data.py for transformation.
2026-09-14 22:35:36,565 - greencoderefactor - INFO - Transformation log appended for /home/carlos/Escritorio/BENEVOL/results/iteration3/repo/process_data.py.
2026-09-14 22:35:36,565 - greencoderefactor - INFO - No transformations applied. Copied original file: /home/carlos/Escritorio/BENEVOL/results/iteration3/repo/process_data.py
2026-09-14 22:35:36,565 - greencoderefactor - INFO - Transforming file: /home/carlos/Escritorio/BENEVOL/results/iteration3/repo/test_data.py
2026-09-14 22:35:36,565 - greencoderefactor - INFO - Selected transformers: ['UnusedLocalVariablesTransformer']
2026-09-14 22:35:36,565 - greencoderefactor - INFO - Reading file /home/carlos/Escritorio/BENEVOL/results/iteration3/repo/test_data.py for transformation.
2026-09-14 22:35:36,565 - greencoderefactor - INFO - Transformation log appended for /home/carlos/Escritorio/BENEVOL/results/iteration3/repo/test_data.py.
2026-09-14 22:35:36,566 - greencoderefactor - INFO - No transformations applied. Copied original file: /home/carlos/Escritorio/BENEVOL/results/iteration3/repo/test_data.py
2026-09-14 22:35:36,566 - greencoderefactor - INFO - Transforming file: /home/carlos/Escritorio/BENEVOL/results/iteration3/repo/operations.py
2026-09-14 22:35:36,566 - greencoderefactor - INFO - Selected transformers: ['UnusedLocalVariablesTransformer']
2026-09-14 22:35:36,566 - greencoderefactor - INFO - Reading file /home/carlos/Escritorio/BENEVOL/results/iteration3/repo/operations.py for transformation.
2026-09-14 22:35:36,566 - greencoderefactor - INFO - Transformation log appended for /home/carlos/Escritorio/BENEVOL/results/iteration3/repo/operations.py.
2026-09-14 22:35:36,566 - greencoderefactor - INFO - No transformations applied. Copied original file: /home/carlos/Escritorio/BENEVOL/results/iteration3/repo/operations.py
2026-09-14 22:35:36,566 - greencoderefactor - INFO - No code changes detected
2026-09-14 22:35:36,566 - greencoderefactor - INFO - Refactor completed successfully. Output directory: /home/carlos/Escritorio/BENEVOL/results/iteration3/tmp_UnusedLocalVariablesTransformer
2026-09-14 22:35:36,598 - greencoderefactor - INFO - Starting refactor for directory: /home/carlos/Escritorio/BENEVOL/results/iteration3/repo
2026-09-14 22:35:36,598 - greencoderefactor - INFO - Using provided output directory: /home/carlos/Escritorio/BENEVOL/results/iteration3/tmp_UnusedAssignmentTransformer
2026-09-14 22:35:36,598 - greencoderefactor - INFO - Transforming file: /home/carlos/Escritorio/BENEVOL/results/iteration3/repo/process_data.py
2026-09-14 22:35:36,598 - greencoderefactor - INFO - Selected transformers: ['UnusedAssignmentTransformer']
2026-09-14 22:35:36,598 - greencoderefactor - INFO - Reading file /home/carlos/Escritorio/BENEVOL/results/iteration3/repo/process_data.py for transformation.
2026-09-14 22:35:36,599 - greencoderefactor - INFO - Transformation log appended for /home/carlos/Escritorio/BENEVOL/results/iteration3/repo/process_data.py.
2026-09-14 22:35:36,599 - greencoderefactor - INFO - No transformations applied. Copied original file: /home/carlos/Escritorio/BENEVOL/results/iteration3/repo/process_data.py
2026-09-14 22:35:36,599 - greencoderefactor - INFO - Transforming file: /home/carlos/Escritorio/BENEVOL/results/iteration3/repo/test_data.py
2026-09-14 22:35:36,599 - greencoderefactor - INFO - Selected transformers: ['UnusedAssignmentTransformer']
2026-09-14 22:35:36,599 - greencoderefactor - INFO - Reading file /home/carlos/Escritorio/BENEVOL/results/iteration3/repo/test_data.py for transformation.
2026-09-14 22:35:36,599 - greencoderefactor - INFO - Transformation log appended for /home/carlos/Escritorio/BENEVOL/results/iteration3/repo/test_data.py.
2026-09-14 22:35:36,599 - greencoderefactor - INFO - No transformations applied. Copied original file: /home/carlos/Escritorio/BENEVOL/results/iteration3/repo/test_data.py
2026-09-14 22:35:36,599 - greencoderefactor - INFO - Transforming file: /home/carlos/Escritorio/BENEVOL/results/iteration3/repo/operations.py
2026-09-14 22:35:36,599 - greencoderefactor - INFO - Selected transformers: ['UnusedAssignmentTransformer']
2026-09-14 22:35:36,599 - greencoderefactor - INFO - Reading file /home/carlos/Escritorio/BENEVOL/results/iteration3/repo/operations.py for transformation.
2026-09-14 22:35:36,600 - greencoderefactor - INFO - Transformation log appended for /home/carlos/Escritorio/BENEVOL/results/iteration3/repo/operations.py.
2026-09-14 22:35:36,600 - greencoderefactor - INFO - No transformations applied. Copied original file: /home/carlos/Escritorio/BENEVOL/results/iteration3/repo/operations.py
2026-09-14 22:35:36,600 - greencoderefactor - INFO - No code changes detected
2026-09-14 22:35:36,600 - greencoderefactor - INFO - Refactor completed successfully. Output directory: /home/carlos/Escritorio/BENEVOL/results/iteration3/tmp_UnusedAssignmentTransformer
2026-09-14 22:35:36,631 - greencoderefactor - INFO - Starting refactor for directory: /home/carlos/Escritorio/BENEVOL/results/iteration4/repo
2026-09-14 22:35:36,631 - greencoderefactor - INFO - Using provided output directory: /home/carlos/Escritorio/BENEVOL/results/iteration4/tmp_ExplicitRaiseToExceptBodyTransformer
2026-09-14 22:35:36,631 - greencoderefactor - INFO - Transforming file: /home/carlos/Escritorio/BENEVOL/results/iteration4/repo/process_data.py
2026-09-14 22:35:36,631 - greencoderefactor - INFO - Selected transformers: ['ExplicitRaiseToExceptBodyTransformer']
2026-09-14 22:35:36,631 - greencoderefactor - INFO - Reading file /home/carlos/Escritorio/BENEVOL/results/iteration4/repo/process_data.py for transformation.
2026-09-14 22:35:36,632 - greencoderefactor - INFO - Transformation log appended for /home/carlos/Escritorio/BENEVOL/results/iteration4/repo/process_data.py.
2026-09-14 22:35:36,632 - greencoderefactor - INFO - No transformations applied. Copied original file: /home/carlos/Escritorio/BENEVOL/results/iteration4/repo/process_data.py
2026-09-14 22:35:36,632 - greencoderefactor - INFO - Transforming file: /home/carlos/Escritorio/BENEVOL/results/iteration4/repo/test_data.py
2026-09-14 22:35:36,632 - greencoderefactor - INFO - Selected transformers: ['ExplicitRaiseToExceptBodyTransformer']
2026-09-14 22:35:36,632 - greencoderefactor - INFO - Reading file /home/carlos/Escritorio/BENEVOL/results/iteration4/repo/test_data.py for transformation.
2026-09-14 22:35:36,633 - greencoderefactor - INFO - Transformation log appended for /home/carlos/Escritorio/BENEVOL/results/iteration4/repo/test_data.py.
2026-09-14 22:35:36,633 - greencoderefactor - INFO - No transformations applied. Copied original file: /home/carlos/Escritorio/BENEVOL/results/iteration4/repo/test_data.py
2026-09-14 22:35:36,633 - greencoderefactor - INFO - Transforming file: /home/carlos/Escritorio/BENEVOL/results/iteration4/repo/operations.py
2026-09-14 22:35:36,633 - greencoderefactor - INFO - Selected transformers: ['ExplicitRaiseToExceptBodyTransformer']
2026-09-14 22:35:36,633 - greencoderefactor - INFO - Reading file /home/carlos/Escritorio/BENEVOL/results/iteration4/repo/operations.py for transformation.
2026-09-14 22:35:36,633 - greencoderefactor - INFO - Transformation log appended for /home/carlos/Escritorio/BENEVOL/results/iteration4/repo/operations.py.
2026-09-14 22:35:36,633 - greencoderefactor - INFO - No transformations applied. Copied original file: /home/carlos/Escritorio/BENEVOL/results/iteration4/repo/operations.py
2026-09-14 22:35:36,633 - greencoderefactor - INFO - No code changes detected
2026-09-14 22:35:36,633 - greencoderefactor - INFO - Refactor completed successfully. Output directory: /home/carlos/Escritorio/BENEVOL/results/iteration4/tmp_ExplicitRaiseToExceptBodyTransformer
2026-09-14 22:35:36,667 - greencoderefactor - INFO - Starting refactor for directory: /home/carlos/Escritorio/BENEVOL/results/iteration4/repo
2026-09-14 22:35:36,667 - greencoderefactor - INFO - Using provided output directory: /home/carlos/Escritorio/BENEVOL/results/iteration4/tmp_UnusedLocalVariablesTransformer
2026-09-14 22:35:36,667 - greencoderefactor - INFO - Transforming file: /home/carlos/Escritorio/BENEVOL/results/iteration4/repo/process_data.py
2026-09-14 22:35:36,667 - greencoderefactor - INFO - Selected transformers: ['UnusedLocalVariablesTransformer']
2026-09-14 22:35:36,667 - greencoderefactor - INFO - Reading file /home/carlos/Escritorio/BENEVOL/results/iteration4/repo/process_data.py for transformation.
2026-09-14 22:35:36,668 - greencoderefactor - INFO - Transformation log appended for /home/carlos/Escritorio/BENEVOL/results/iteration4/repo/process_data.py.
2026-09-14 22:35:36,668 - greencoderefactor - INFO - No transformations applied. Copied original file: /home/carlos/Escritorio/BENEVOL/results/iteration4/repo/process_data.py
2026-09-14 22:35:36,669 - greencoderefactor - INFO - Transforming file: /home/carlos/Escritorio/BENEVOL/results/iteration4/repo/test_data.py
2026-09-14 22:35:36,669 - greencoderefactor - INFO - Selected transformers: ['UnusedLocalVariablesTransformer']
2026-09-14 22:35:36,669 - greencoderefactor - INFO - Reading file /home/carlos/Escritorio/BENEVOL/results/iteration4/repo/test_data.py for transformation.
2026-09-14 22:35:36,669 - greencoderefactor - INFO - Transformation log appended for /home/carlos/Escritorio/BENEVOL/results/iteration4/repo/test_data.py.
2026-09-14 22:35:36,669 - greencoderefactor - INFO - No transformations applied. Copied original file: /home/carlos/Escritorio/BENEVOL/results/iteration4/repo/test_data.py
2026-09-14 22:35:36,669 - greencoderefactor - INFO - Transforming file: /home/carlos/Escritorio/BENEVOL/results/iteration4/repo/operations.py
2026-09-14 22:35:36,669 - greencoderefactor - INFO - Selected transformers: ['UnusedLocalVariablesTransformer']
2026-09-14 22:35:36,669 - greencoderefactor - INFO - Reading file /home/carlos/Escritorio/BENEVOL/results/iteration4/repo/operations.py for transformation.
2026-09-14 22:35:36,669 - greencoderefactor - INFO - Transformation log appended for /home/carlos/Escritorio/BENEVOL/results/iteration4/repo/operations.py.
2026-09-14 22:35:36,669 - greencoderefactor - INFO - No transformations applied. Copied original file: /home/carlos/Escritorio/BENEVOL/results/iteration4/repo/operations.py
2026-09-14 22:35:36,669 - greencoderefactor - INFO - No code changes detected
2026-09-14 22:35:36,669 - greencoderefactor - INFO - Refactor completed successfully. Output directory: /home/carlos/Escritorio/BENEVOL/results/iteration4/tmp_UnusedLocalVariablesTransformer
2026-09-14 22:35:36,702 - greencoderefactor - INFO - Starting refactor for directory: /home/carlos/Escritorio/BENEVOL/results/iteration4/repo
2026-09-14 22:35:36,702 - greencoderefactor - INFO - Using provided output directory: /home/carlos/Escritorio/BENEVOL/results/iteration4/tmp_UnusedAssignmentTransformer
2026-09-14 22:35:36,702 - greencoderefactor - INFO - Transforming file: /home/carlos/Escritorio/BENEVOL/results/iteration4/repo/process_data.py
2026-09-14 22:35:36,702 - greencoderefactor - INFO - Selected transformers: ['UnusedAssignmentTransformer']
2026-09-14 22:35:36,702 - greencoderefactor - INFO - Reading file /home/carlos/Escritorio/BENEVOL/results/iteration4/repo/process_data.py for transformation.
2026-09-14 22:35:36,703 - greencoderefactor - INFO - Transformation log appended for /home/carlos/Escritorio/BENEVOL/results/iteration4/repo/process_data.py.
2026-09-14 22:35:36,703 - greencoderefactor - INFO - No transformations applied. Copied original file: /home/carlos/Escritorio/BENEVOL/results/iteration4/repo/process_data.py
2026-09-14 22:35:36,703 - greencoderefactor - INFO - Transforming file: /home/carlos/Escritorio/BENEVOL/results/iteration4/repo/test_data.py
2026-09-14 22:35:36,703 - greencoderefactor - INFO - Selected transformers: ['UnusedAssignmentTransformer']
2026-09-14 22:35:36,703 - greencoderefactor - INFO - Reading file /home/carlos/Escritorio/BENEVOL/results/iteration4/repo/test_data.py for transformation.
2026-09-14 22:35:36,704 - greencoderefactor - INFO - Transformation log appended for /home/carlos/Escritorio/BENEVOL/results/iteration4/repo/test_data.py.
2026-09-14 22:35:36,704 - greencoderefactor - INFO - No transformations applied. Copied original file: /home/carlos/Escritorio/BENEVOL/results/iteration4/repo/test_data.py
2026-09-14 22:35:36,704 - greencoderefactor - INFO - Transforming file: /home/carlos/Escritorio/BENEVOL/results/iteration4/repo/operations.py
2026-09-14 22:35:36,704 - greencoderefactor - INFO - Selected transformers: ['UnusedAssignmentTransformer']
2026-09-14 22:35:36,704 - greencoderefactor - INFO - Reading file /home/carlos/Escritorio/BENEVOL/results/iteration4/repo/operations.py for transformation.
2026-09-14 22:35:36,704 - greencoderefactor - INFO - Transformation log appended for /home/carlos/Escritorio/BENEVOL/results/iteration4/repo/operations.py.
2026-09-14 22:35:36,704 - greencoderefactor - INFO - No transformations applied. Copied original file: /home/carlos/Escritorio/BENEVOL/results/iteration4/repo/operations.py
2026-09-14 22:35:36,704 - greencoderefactor - INFO - No code changes detected
2026-09-14 22:35:36,704 - greencoderefactor - INFO - Refactor completed successfully. Output directory: /home/carlos/Escritorio/BENEVOL/results/iteration4/tmp_UnusedAssignmentTransformer
2026-09-14 22:35:36,736 - greencoderefactor - INFO - Starting refactor for directory: /home/carlos/Escritorio/BENEVOL/results/iteration5/repo
2026-09-14 22:35:36,736 - greencoderefactor - INFO - Using provided output directory: /home/carlos/Escritorio/BENEVOL/results/iteration5/tmp_ExplicitRaiseToExceptBodyTransformer
2026-09-14 22:35:36,736 - greencoderefactor - INFO - Transforming file: /home/carlos/Escritorio/BENEVOL/results/iteration5/repo/process_data.py
2026-09-14 22:35:36,736 - greencoderefactor - INFO - Selected transformers: ['ExplicitRaiseToExceptBodyTransformer']
2026-09-14 22:35:36,736 - greencoderefactor - INFO - Reading file /home/carlos/Escritorio/BENEVOL/results/iteration5/repo/process_data.py for transformation.
2026-09-14 22:35:36,737 - greencoderefactor - INFO - Transformation log appended for /home/carlos/Escritorio/BENEVOL/results/iteration5/repo/process_data.py.
2026-09-14 22:35:36,737 - greencoderefactor - INFO - No transformations applied. Copied original file: /home/carlos/Escritorio/BENEVOL/results/iteration5/repo/process_data.py
2026-09-14 22:35:36,737 - greencoderefactor - INFO - Transforming file: /home/carlos/Escritorio/BENEVOL/results/iteration5/repo/test_data.py
2026-09-14 22:35:36,737 - greencoderefactor - INFO - Selected transformers: ['ExplicitRaiseToExceptBodyTransformer']
2026-09-14 22:35:36,737 - greencoderefactor - INFO - Reading file /home/carlos/Escritorio/BENEVOL/results/iteration5/repo/test_data.py for transformation.
2026-09-14 22:35:36,738 - greencoderefactor - INFO - Transformation log appended for /home/carlos/Escritorio/BENEVOL/results/iteration5/repo/test_data.py.
2026-09-14 22:35:36,738 - greencoderefactor - INFO - No transformations applied. Copied original file: /home/carlos/Escritorio/BENEVOL/results/iteration5/repo/test_data.py
2026-09-14 22:35:36,738 - greencoderefactor - INFO - Transforming file: /home/carlos/Escritorio/BENEVOL/results/iteration5/repo/operations.py
2026-09-14 22:35:36,738 - greencoderefactor - INFO - Selected transformers: ['ExplicitRaiseToExceptBodyTransformer']
2026-09-14 22:35:36,738 - greencoderefactor - INFO - Reading file /home/carlos/Escritorio/BENEVOL/results/iteration5/repo/operations.py for transformation.
2026-09-14 22:35:36,738 - greencoderefactor - INFO - Transformation log appended for /home/carlos/Escritorio/BENEVOL/results/iteration5/repo/operations.py.
2026-09-14 22:35:36,738 - greencoderefactor - INFO - No transformations applied. Copied original file: /home/carlos/Escritorio/BENEVOL/results/iteration5/repo/operations.py
2026-09-14 22:35:36,738 - greencoderefactor - INFO - No code changes detected
2026-09-14 22:35:36,738 - greencoderefactor - INFO - Refactor completed successfully. Output directory: /home/carlos/Escritorio/BENEVOL/results/iteration5/tmp_ExplicitRaiseToExceptBodyTransformer
2026-09-14 22:35:36,773 - greencoderefactor - INFO - Starting refactor for directory: /home/carlos/Escritorio/BENEVOL/results/iteration5/repo
2026-09-14 22:35:36,773 - greencoderefactor - INFO - Using provided output directory: /home/carlos/Escritorio/BENEVOL/results/iteration5/tmp_UnusedLocalVariablesTransformer
2026-09-14 22:35:36,773 - greencoderefactor - INFO - Transforming file: /home/carlos/Escritorio/BENEVOL/results/iteration5/repo/process_data.py
2026-09-14 22:35:36,773 - greencoderefactor - INFO - Selected transformers: ['UnusedLocalVariablesTransformer']
2026-09-14 22:35:36,773 - greencoderefactor - INFO - Reading file /home/carlos/Escritorio/BENEVOL/results/iteration5/repo/process_data.py for transformation.
2026-09-14 22:35:36,774 - greencoderefactor - INFO - Transformation log appended for /home/carlos/Escritorio/BENEVOL/results/iteration5/repo/process_data.py.
2026-09-14 22:35:36,774 - greencoderefactor - INFO - No transformations applied. Copied original file: /home/carlos/Escritorio/BENEVOL/results/iteration5/repo/process_data.py
2026-09-14 22:35:36,774 - greencoderefactor - INFO - Transforming file: /home/carlos/Escritorio/BENEVOL/results/iteration5/repo/test_data.py
2026-09-14 22:35:36,774 - greencoderefactor - INFO - Selected transformers: ['UnusedLocalVariablesTransformer']
2026-09-14 22:35:36,774 - greencoderefactor - INFO - Reading file /home/carlos/Escritorio/BENEVOL/results/iteration5/repo/test_data.py for transformation.
2026-09-14 22:35:36,774 - greencoderefactor - INFO - Transformation log appended for /home/carlos/Escritorio/BENEVOL/results/iteration5/repo/test_data.py.
2026-09-14 22:35:36,774 - greencoderefactor - INFO - No transformations applied. Copied original file: /home/carlos/Escritorio/BENEVOL/results/iteration5/repo/test_data.py
2026-09-14 22:35:36,774 - greencoderefactor - INFO - Transforming file: /home/carlos/Escritorio/BENEVOL/results/iteration5/repo/operations.py
2026-09-14 22:35:36,774 - greencoderefactor - INFO - Selected transformers: ['UnusedLocalVariablesTransformer']
2026-09-14 22:35:36,774 - greencoderefactor - INFO - Reading file /home/carlos/Escritorio/BENEVOL/results/iteration5/repo/operations.py for transformation.
2026-09-14 22:35:36,775 - greencoderefactor - INFO - Transformation log appended for /home/carlos/Escritorio/BENEVOL/results/iteration5/repo/operations.py.
2026-09-14 22:35:36,775 - greencoderefactor - INFO - No transformations applied. Copied original file: /home/carlos/Escritorio/BENEVOL/results/iteration5/repo/operations.py
2026-09-14 22:35:36,775 - greencoderefactor - INFO - No code changes detected
2026-09-14 22:35:36,775 - greencoderefactor - INFO - Refactor completed successfully. Output directory: /home/carlos/Escritorio/BENEVOL/results/iteration5/tmp_UnusedLocalVariablesTransformer
2026-09-14 22:35:36,808 - greencoderefactor - INFO - Starting refactor for directory: /home/carlos/Escritorio/BENEVOL/results/iteration5/repo
2026-09-14 22:35:36,808 - greencoderefactor - INFO - Using provided output directory: /home/carlos/Escritorio/BENEVOL/results/iteration5/tmp_UnusedAssignmentTransformer
2026-09-14 22:35:36,808 - greencoderefactor - INFO - Transforming file: /home/carlos/Escritorio/BENEVOL/results/iteration5/repo/process_data.py
2026-09-14 22:35:36,808 - greencoderefactor - INFO - Selected transformers: ['UnusedAssignmentTransformer']
2026-09-14 22:35:36,808 - greencoderefactor - INFO - Reading file /home/carlos/Escritorio/BENEVOL/results/iteration5/repo/process_data.py for transformation.
2026-09-14 22:35:36,809 - greencoderefactor - INFO - Transformation log appended for /home/carlos/Escritorio/BENEVOL/results/iteration5/repo/process_data.py.
2026-09-14 22:35:36,810 - greencoderefactor - INFO - No transformations applied. Copied original file: /home/carlos/Escritorio/BENEVOL/results/iteration5/repo/process_data.py
2026-09-14 22:35:36,810 - greencoderefactor - INFO - Transforming file: /home/carlos/Escritorio/BENEVOL/results/iteration5/repo/test_data.py
2026-09-14 22:35:36,810 - greencoderefactor - INFO - Selected transformers: ['UnusedAssignmentTransformer']
2026-09-14 22:35:36,810 - greencoderefactor - INFO - Reading file /home/carlos/Escritorio/BENEVOL/results/iteration5/repo/test_data.py for transformation.
2026-09-14 22:35:36,810 - greencoderefactor - INFO - Transformation log appended for /home/carlos/Escritorio/BENEVOL/results/iteration5/repo/test_data.py.
2026-09-14 22:35:36,810 - greencoderefactor - INFO - No transformations applied. Copied original file: /home/carlos/Escritorio/BENEVOL/results/iteration5/repo/test_data.py
2026-09-14 22:35:36,810 - greencoderefactor - INFO - Transforming file: /home/carlos/Escritorio/BENEVOL/results/iteration5/repo/operations.py
2026-09-14 22:35:36,810 - greencoderefactor - INFO - Selected transformers: ['UnusedAssignmentTransformer']
2026-09-14 22:35:36,810 - greencoderefactor - INFO - Reading file /home/carlos/Escritorio/BENEVOL/results/iteration5/repo/operations.py for transformation.
2026-09-14 22:35:36,810 - greencoderefactor - INFO - Transformation log appended for /home/carlos/Escritorio/BENEVOL/results/iteration5/repo/operations.py.
2026-09-14 22:35:36,810 - greencoderefactor - INFO - No transformations applied. Copied original file: /home/carlos/Escritorio/BENEVOL/results/iteration5/repo/operations.py
2026-09-14 22:35:36,810 - greencoderefactor - INFO - No code changes detected
2026-09-14 22:35:36,810 - greencoderefactor - INFO - Refactor completed successfully. Output directory: /home/carlos/Escritorio/BENEVOL/results/iteration5/tmp_UnusedAssignmentTransformer
2026-09-14 22:35:36,843 - greencoderefactor - INFO - Starting refactor for directory: /home/carlos/Escritorio/BENEVOL/results/iteration6/repo
2026-09-14 22:35:36,843 - greencoderefactor - INFO - Using provided output directory: /home/carlos/Escritorio/BENEVOL/results/iteration6/tmp_ExplicitRaiseToExceptBodyTransformer
2026-09-14 22:35:36,843 - greencoderefactor - INFO - Transforming file: /home/carlos/Escritorio/BENEVOL/results/iteration6/repo/process_data.py
2026-09-14 22:35:36,843 - greencoderefactor - INFO - Selected transformers: ['ExplicitRaiseToExceptBodyTransformer']
2026-09-14 22:35:36,843 - greencoderefactor - INFO - Reading file /home/carlos/Escritorio/BENEVOL/results/iteration6/repo/process_data.py for transformation.
2026-09-14 22:35:36,844 - greencoderefactor - INFO - Transformation log appended for /home/carlos/Escritorio/BENEVOL/results/iteration6/repo/process_data.py.
2026-09-14 22:35:36,844 - greencoderefactor - INFO - No transformations applied. Copied original file: /home/carlos/Escritorio/BENEVOL/results/iteration6/repo/process_data.py
2026-09-14 22:35:36,844 - greencoderefactor - INFO - Transforming file: /home/carlos/Escritorio/BENEVOL/results/iteration6/repo/test_data.py
2026-09-14 22:35:36,844 - greencoderefactor - INFO - Selected transformers: ['ExplicitRaiseToExceptBodyTransformer']
2026-09-14 22:35:36,844 - greencoderefactor - INFO - Reading file /home/carlos/Escritorio/BENEVOL/results/iteration6/repo/test_data.py for transformation.
2026-09-14 22:35:36,845 - greencoderefactor - INFO - Transformation log appended for /home/carlos/Escritorio/BENEVOL/results/iteration6/repo/test_data.py.
2026-09-14 22:35:36,845 - greencoderefactor - INFO - No transformations applied. Copied original file: /home/carlos/Escritorio/BENEVOL/results/iteration6/repo/test_data.py
2026-09-14 22:35:36,845 - greencoderefactor - INFO - Transforming file: /home/carlos/Escritorio/BENEVOL/results/iteration6/repo/operations.py
2026-09-14 22:35:36,845 - greencoderefactor - INFO - Selected transformers: ['ExplicitRaiseToExceptBodyTransformer']
2026-09-14 22:35:36,845 - greencoderefactor - INFO - Reading file /home/carlos/Escritorio/BENEVOL/results/iteration6/repo/operations.py for transformation.
2026-09-14 22:35:36,845 - greencoderefactor - INFO - Transformation log appended for /home/carlos/Escritorio/BENEVOL/results/iteration6/repo/operations.py.
2026-09-14 22:35:36,845 - greencoderefactor - INFO - No transformations applied. Copied original file: /home/carlos/Escritorio/BENEVOL/results/iteration6/repo/operations.py
2026-09-14 22:35:36,845 - greencoderefactor - INFO - No code changes detected
2026-09-14 22:35:36,845 - greencoderefactor - INFO - Refactor completed successfully. Output directory: /home/carlos/Escritorio/BENEVOL/results/iteration6/tmp_ExplicitRaiseToExceptBodyTransformer
2026-09-14 22:35:36,877 - greencoderefactor - INFO - Starting refactor for directory: /home/carlos/Escritorio/BENEVOL/results/iteration6/repo
2026-09-14 22:35:36,877 - greencoderefactor - INFO - Using provided output directory: /home/carlos/Escritorio/BENEVOL/results/iteration6/tmp_UnusedLocalVariablesTransformer
2026-09-14 22:35:36,877 - greencoderefactor - INFO - Transforming file: /home/carlos/Escritorio/BENEVOL/results/iteration6/repo/process_data.py
2026-09-14 22:35:36,877 - greencoderefactor - INFO - Selected transformers: ['UnusedLocalVariablesTransformer']
2026-09-14 22:35:36,877 - greencoderefactor - INFO - Reading file /home/carlos/Escritorio/BENEVOL/results/iteration6/repo/process_data.py for transformation.
2026-09-14 22:35:36,878 - greencoderefactor - INFO - Transformation log appended for /home/carlos/Escritorio/BENEVOL/results/iteration6/repo/process_data.py.
2026-09-14 22:35:36,878 - greencoderefactor - INFO - No transformations applied. Copied original file: /home/carlos/Escritorio/BENEVOL/results/iteration6/repo/process_data.py
2026-09-14 22:35:36,878 - greencoderefactor - INFO - Transforming file: /home/carlos/Escritorio/BENEVOL/results/iteration6/repo/test_data.py
2026-09-14 22:35:36,878 - greencoderefactor - INFO - Selected transformers: ['UnusedLocalVariablesTransformer']
2026-09-14 22:35:36,878 - greencoderefactor - INFO - Reading file /home/carlos/Escritorio/BENEVOL/results/iteration6/repo/test_data.py for transformation.
2026-09-14 22:35:36,878 - greencoderefactor - INFO - Transformation log appended for /home/carlos/Escritorio/BENEVOL/results/iteration6/repo/test_data.py.
2026-09-14 22:35:36,879 - greencoderefactor - INFO - No transformations applied. Copied original file: /home/carlos/Escritorio/BENEVOL/results/iteration6/repo/test_data.py
2026-09-14 22:35:36,879 - greencoderefactor - INFO - Transforming file: /home/carlos/Escritorio/BENEVOL/results/iteration6/repo/operations.py
2026-09-14 22:35:36,879 - greencoderefactor - INFO - Selected transformers: ['UnusedLocalVariablesTransformer']
2026-09-14 22:35:36,879 - greencoderefactor - INFO - Reading file /home/carlos/Escritorio/BENEVOL/results/iteration6/repo/operations.py for transformation.
2026-09-14 22:35:36,879 - greencoderefactor - INFO - Transformation log appended for /home/carlos/Escritorio/BENEVOL/results/iteration6/repo/operations.py.
2026-09-14 22:35:36,879 - greencoderefactor - INFO - No transformations applied. Copied original file: /home/carlos/Escritorio/BENEVOL/results/iteration6/repo/operations.py
2026-09-14 22:35:36,879 - greencoderefactor - INFO - No code changes detected
2026-09-14 22:35:36,879 - greencoderefactor - INFO - Refactor completed successfully. Output directory: /home/carlos/Escritorio/BENEVOL/results/iteration6/tmp_UnusedLocalVariablesTransformer
2026-09-14 22:35:36,910 - greencoderefactor - INFO - Starting refactor for directory: /home/carlos/Escritorio/BENEVOL/results/iteration6/repo
2026-09-14 22:35:36,910 - greencoderefactor - INFO - Using provided output directory: /home/carlos/Escritorio/BENEVOL/results/iteration6/tmp_UnusedAssignmentTransformer
2026-09-14 22:35:36,910 - greencoderefactor - INFO - Transforming file: /home/carlos/Escritorio/BENEVOL/results/iteration6/repo/process_data.py
2026-09-14 22:35:36,910 - greencoderefactor - INFO - Selected transformers: ['UnusedAssignmentTransformer']
2026-09-14 22:35:36,910 - greencoderefactor - INFO - Reading file /home/carlos/Escritorio/BENEVOL/results/iteration6/repo/process_data.py for transformation.
2026-09-14 22:35:36,911 - greencoderefactor - INFO - Transformation log appended for /home/carlos/Escritorio/BENEVOL/results/iteration6/repo/process_data.py.
2026-09-14 22:35:36,911 - greencoderefactor - INFO - No transformations applied. Copied original file: /home/carlos/Escritorio/BENEVOL/results/iteration6/repo/process_data.py
2026-09-14 22:35:36,911 - greencoderefactor - INFO - Transforming file: /home/carlos/Escritorio/BENEVOL/results/iteration6/repo/test_data.py
2026-09-14 22:35:36,911 - greencoderefactor - INFO - Selected transformers: ['UnusedAssignmentTransformer']
2026-09-14 22:35:36,911 - greencoderefactor - INFO - Reading file /home/carlos/Escritorio/BENEVOL/results/iteration6/repo/test_data.py for transformation.
2026-09-14 22:35:36,911 - greencoderefactor - INFO - Transformation log appended for /home/carlos/Escritorio/BENEVOL/results/iteration6/repo/test_data.py.
2026-09-14 22:35:36,911 - greencoderefactor - INFO - No transformations applied. Copied original file: /home/carlos/Escritorio/BENEVOL/results/iteration6/repo/test_data.py
2026-09-14 22:35:36,911 - greencoderefactor - INFO - Transforming file: /home/carlos/Escritorio/BENEVOL/results/iteration6/repo/operations.py
2026-09-14 22:35:36,911 - greencoderefactor - INFO - Selected transformers: ['UnusedAssignmentTransformer']
2026-09-14 22:35:36,911 - greencoderefactor - INFO - Reading file /home/carlos/Escritorio/BENEVOL/results/iteration6/repo/operations.py for transformation.
2026-09-14 22:35:36,912 - greencoderefactor - INFO - Transformation log appended for /home/carlos/Escritorio/BENEVOL/results/iteration6/repo/operations.py.
2026-09-14 22:35:36,912 - greencoderefactor - INFO - No transformations applied. Copied original file: /home/carlos/Escritorio/BENEVOL/results/iteration6/repo/operations.py
2026-09-14 22:35:36,912 - greencoderefactor - INFO - No code changes detected
2026-09-14 22:35:36,912 - greencoderefactor - INFO - Refactor completed successfully. Output directory: /home/carlos/Escritorio/BENEVOL/results/iteration6/tmp_UnusedAssignmentTransformer
2026-09-14 22:35:36,943 - greencoderefactor - INFO - Starting refactor for directory: /home/carlos/Escritorio/BENEVOL/results/iteration7/repo
2026-09-14 22:35:36,943 - greencoderefactor - INFO - Using provided output directory: /home/carlos/Escritorio/BENEVOL/results/iteration7/tmp_ExplicitRaiseToExceptBodyTransformer
2026-09-14 22:35:36,943 - greencoderefactor - INFO - Transforming file: /home/carlos/Escritorio/BENEVOL/results/iteration7/repo/process_data.py
2026-09-14 22:35:36,943 - greencoderefactor - INFO - Selected transformers: ['ExplicitRaiseToExceptBodyTransformer']
2026-09-14 22:35:36,943 - greencoderefactor - INFO - Reading file /home/carlos/Escritorio/BENEVOL/results/iteration7/repo/process_data.py for transformation.
2026-09-14 22:35:36,944 - greencoderefactor - INFO - Transformation log appended for /home/carlos/Escritorio/BENEVOL/results/iteration7/repo/process_data.py.
2026-09-14 22:35:36,944 - greencoderefactor - INFO - No transformations applied. Copied original file: /home/carlos/Escritorio/BENEVOL/results/iteration7/repo/process_data.py
2026-09-14 22:35:36,944 - greencoderefactor - INFO - Transforming file: /home/carlos/Escritorio/BENEVOL/results/iteration7/repo/test_data.py
2026-09-14 22:35:36,944 - greencoderefactor - INFO - Selected transformers: ['ExplicitRaiseToExceptBodyTransformer']
2026-09-14 22:35:36,944 - greencoderefactor - INFO - Reading file /home/carlos/Escritorio/BENEVOL/results/iteration7/repo/test_data.py for transformation.
2026-09-14 22:35:36,945 - greencoderefactor - INFO - Transformation log appended for /home/carlos/Escritorio/BENEVOL/results/iteration7/repo/test_data.py.
2026-09-14 22:35:36,945 - greencoderefactor - INFO - No transformations applied. Copied original file: /home/carlos/Escritorio/BENEVOL/results/iteration7/repo/test_data.py
2026-09-14 22:35:36,945 - greencoderefactor - INFO - Transforming file: /home/carlos/Escritorio/BENEVOL/results/iteration7/repo/operations.py
2026-09-14 22:35:36,945 - greencoderefactor - INFO - Selected transformers: ['ExplicitRaiseToExceptBodyTransformer']
2026-09-14 22:35:36,945 - greencoderefactor - INFO - Reading file /home/carlos/Escritorio/BENEVOL/results/iteration7/repo/operations.py for transformation.
2026-09-14 22:35:36,945 - greencoderefactor - INFO - Transformation log appended for /home/carlos/Escritorio/BENEVOL/results/iteration7/repo/operations.py.
2026-09-14 22:35:36,945 - greencoderefactor - INFO - No transformations applied. Copied original file: /home/carlos/Escritorio/BENEVOL/results/iteration7/repo/operations.py
2026-09-14 22:35:36,945 - greencoderefactor - INFO - No code changes detected
2026-09-14 22:35:36,945 - greencoderefactor - INFO - Refactor completed successfully. Output directory: /home/carlos/Escritorio/BENEVOL/results/iteration7/tmp_ExplicitRaiseToExceptBodyTransformer
2026-09-14 22:35:36,982 - greencoderefactor - INFO - Starting refactor for directory: /home/carlos/Escritorio/BENEVOL/results/iteration7/repo
2026-09-14 22:35:36,982 - greencoderefactor - INFO - Using provided output directory: /home/carlos/Escritorio/BENEVOL/results/iteration7/tmp_UnusedLocalVariablesTransformer
2026-09-14 22:35:36,982 - greencoderefactor - INFO - Transforming file: /home/carlos/Escritorio/BENEVOL/results/iteration7/repo/process_data.py
2026-09-14 22:35:36,982 - greencoderefactor - INFO - Selected transformers: ['UnusedLocalVariablesTransformer']
2026-09-14 22:35:36,982 - greencoderefactor - INFO - Reading file /home/carlos/Escritorio/BENEVOL/results/iteration7/repo/process_data.py for transformation.
2026-09-14 22:35:36,983 - greencoderefactor - INFO - Transformation log appended for /home/carlos/Escritorio/BENEVOL/results/iteration7/repo/process_data.py.
2026-09-14 22:35:36,984 - greencoderefactor - INFO - No transformations applied. Copied original file: /home/carlos/Escritorio/BENEVOL/results/iteration7/repo/process_data.py
2026-09-14 22:35:36,984 - greencoderefactor - INFO - Transforming file: /home/carlos/Escritorio/BENEVOL/results/iteration7/repo/test_data.py
2026-09-14 22:35:36,984 - greencoderefactor - INFO - Selected transformers: ['UnusedLocalVariablesTransformer']
2026-09-14 22:35:36,984 - greencoderefactor - INFO - Reading file /home/carlos/Escritorio/BENEVOL/results/iteration7/repo/test_data.py for transformation.
2026-09-14 22:35:36,984 - greencoderefactor - INFO - Transformation log appended for /home/carlos/Escritorio/BENEVOL/results/iteration7/repo/test_data.py.
2026-09-14 22:35:36,984 - greencoderefactor - INFO - No transformations applied. Copied original file: /home/carlos/Escritorio/BENEVOL/results/iteration7/repo/test_data.py
2026-09-14 22:35:36,984 - greencoderefactor - INFO - Transforming file: /home/carlos/Escritorio/BENEVOL/results/iteration7/repo/operations.py
2026-09-14 22:35:36,984 - greencoderefactor - INFO - Selected transformers: ['UnusedLocalVariablesTransformer']
2026-09-14 22:35:36,984 - greencoderefactor - INFO - Reading file /home/carlos/Escritorio/BENEVOL/results/iteration7/repo/operations.py for transformation.
2026-09-14 22:35:36,984 - greencoderefactor - INFO - Transformation log appended for /home/carlos/Escritorio/BENEVOL/results/iteration7/repo/operations.py.
2026-09-14 22:35:36,984 - greencoderefactor - INFO - No transformations applied. Copied original file: /home/carlos/Escritorio/BENEVOL/results/iteration7/repo/operations.py
2026-09-14 22:35:36,984 - greencoderefactor - INFO - No code changes detected
2026-09-14 22:35:36,984 - greencoderefactor - INFO - Refactor completed successfully. Output directory: /home/carlos/Escritorio/BENEVOL/results/iteration7/tmp_UnusedLocalVariablesTransformer
2026-09-14 22:35:37,017 - greencoderefactor - INFO - Starting refactor for directory: /home/carlos/Escritorio/BENEVOL/results/iteration7/repo
2026-09-14 22:35:37,017 - greencoderefactor - INFO - Using provided output directory: /home/carlos/Escritorio/BENEVOL/results/iteration7/tmp_UnusedAssignmentTransformer
2026-09-14 22:35:37,017 - greencoderefactor - INFO - Transforming file: /home/carlos/Escritorio/BENEVOL/results/iteration7/repo/process_data.py
2026-09-14 22:35:37,017 - greencoderefactor - INFO - Selected transformers: ['UnusedAssignmentTransformer']
2026-09-14 22:35:37,017 - greencoderefactor - INFO - Reading file /home/carlos/Escritorio/BENEVOL/results/iteration7/repo/process_data.py for transformation.
2026-09-14 22:35:37,018 - greencoderefactor - INFO - Transformation log appended for /home/carlos/Escritorio/BENEVOL/results/iteration7/repo/process_data.py.
2026-09-14 22:35:37,018 - greencoderefactor - INFO - No transformations applied. Copied original file: /home/carlos/Escritorio/BENEVOL/results/iteration7/repo/process_data.py
2026-09-14 22:35:37,018 - greencoderefactor - INFO - Transforming file: /home/carlos/Escritorio/BENEVOL/results/iteration7/repo/test_data.py
2026-09-14 22:35:37,018 - greencoderefactor - INFO - Selected transformers: ['UnusedAssignmentTransformer']
2026-09-14 22:35:37,018 - greencoderefactor - INFO - Reading file /home/carlos/Escritorio/BENEVOL/results/iteration7/repo/test_data.py for transformation.
2026-09-14 22:35:37,019 - greencoderefactor - INFO - Transformation log appended for /home/carlos/Escritorio/BENEVOL/results/iteration7/repo/test_data.py.
2026-09-14 22:35:37,019 - greencoderefactor - INFO - No transformations applied. Copied original file: /home/carlos/Escritorio/BENEVOL/results/iteration7/repo/test_data.py
2026-09-14 22:35:37,019 - greencoderefactor - INFO - Transforming file: /home/carlos/Escritorio/BENEVOL/results/iteration7/repo/operations.py
2026-09-14 22:35:37,019 - greencoderefactor - INFO - Selected transformers: ['UnusedAssignmentTransformer']
2026-09-14 22:35:37,019 - greencoderefactor - INFO - Reading file /home/carlos/Escritorio/BENEVOL/results/iteration7/repo/operations.py for transformation.
2026-09-14 22:35:37,019 - greencoderefactor - INFO - Transformation log appended for /home/carlos/Escritorio/BENEVOL/results/iteration7/repo/operations.py.
2026-09-14 22:35:37,019 - greencoderefactor - INFO - No transformations applied. Copied original file: /home/carlos/Escritorio/BENEVOL/results/iteration7/repo/operations.py
2026-09-14 22:35:37,019 - greencoderefactor - INFO - No code changes detected
2026-09-14 22:35:37,019 - greencoderefactor - INFO - Refactor completed successfully. Output directory: /home/carlos/Escritorio/BENEVOL/results/iteration7/tmp_UnusedAssignmentTransformer
2026-09-14 22:35:37,051 - greencoderefactor - INFO - Starting refactor for directory: /home/carlos/Escritorio/BENEVOL/results/iteration8/repo
2026-09-14 22:35:37,051 - greencoderefactor - INFO - Using provided output directory: /home/carlos/Escritorio/BENEVOL/results/iteration8/tmp_ExplicitRaiseToExceptBodyTransformer
2026-09-14 22:35:37,051 - greencoderefactor - INFO - Transforming file: /home/carlos/Escritorio/BENEVOL/results/iteration8/repo/process_data.py
2026-09-14 22:35:37,051 - greencoderefactor - INFO - Selected transformers: ['ExplicitRaiseToExceptBodyTransformer']
2026-09-14 22:35:37,051 - greencoderefactor - INFO - Reading file /home/carlos/Escritorio/BENEVOL/results/iteration8/repo/process_data.py for transformation.
2026-09-14 22:35:37,052 - greencoderefactor - INFO - Transformation log appended for /home/carlos/Escritorio/BENEVOL/results/iteration8/repo/process_data.py.
2026-09-14 22:35:37,052 - greencoderefactor - INFO - No transformations applied. Copied original file: /home/carlos/Escritorio/BENEVOL/results/iteration8/repo/process_data.py
2026-09-14 22:35:37,052 - greencoderefactor - INFO - Transforming file: /home/carlos/Escritorio/BENEVOL/results/iteration8/repo/test_data.py
2026-09-14 22:35:37,052 - greencoderefactor - INFO - Selected transformers: ['ExplicitRaiseToExceptBodyTransformer']
2026-09-14 22:35:37,052 - greencoderefactor - INFO - Reading file /home/carlos/Escritorio/BENEVOL/results/iteration8/repo/test_data.py for transformation.
2026-09-14 22:35:37,053 - greencoderefactor - INFO - Transformation log appended for /home/carlos/Escritorio/BENEVOL/results/iteration8/repo/test_data.py.
2026-09-14 22:35:37,053 - greencoderefactor - INFO - No transformations applied. Copied original file: /home/carlos/Escritorio/BENEVOL/results/iteration8/repo/test_data.py
2026-09-14 22:35:37,053 - greencoderefactor - INFO - Transforming file: /home/carlos/Escritorio/BENEVOL/results/iteration8/repo/operations.py
2026-09-14 22:35:37,053 - greencoderefactor - INFO - Selected transformers: ['ExplicitRaiseToExceptBodyTransformer']
2026-09-14 22:35:37,053 - greencoderefactor - INFO - Reading file /home/carlos/Escritorio/BENEVOL/results/iteration8/repo/operations.py for transformation.
2026-09-14 22:35:37,053 - greencoderefactor - INFO - Transformation log appended for /home/carlos/Escritorio/BENEVOL/results/iteration8/repo/operations.py.
2026-09-14 22:35:37,053 - greencoderefactor - INFO - No transformations applied. Copied original file: /home/carlos/Escritorio/BENEVOL/results/iteration8/repo/operations.py
2026-09-14 22:35:37,053 - greencoderefactor - INFO - No code changes detected
2026-09-14 22:35:37,053 - greencoderefactor - INFO - Refactor completed successfully. Output directory: /home/carlos/Escritorio/BENEVOL/results/iteration8/tmp_ExplicitRaiseToExceptBodyTransformer
2026-09-14 22:35:37,087 - greencoderefactor - INFO - Starting refactor for directory: /home/carlos/Escritorio/BENEVOL/results/iteration8/repo
2026-09-14 22:35:37,087 - greencoderefactor - INFO - Using provided output directory: /home/carlos/Escritorio/BENEVOL/results/iteration8/tmp_UnusedLocalVariablesTransformer
2026-09-14 22:35:37,087 - greencoderefactor - INFO - Transforming file: /home/carlos/Escritorio/BENEVOL/results/iteration8/repo/process_data.py
2026-09-14 22:35:37,087 - greencoderefactor - INFO - Selected transformers: ['UnusedLocalVariablesTransformer']
2026-09-14 22:35:37,087 - greencoderefactor - INFO - Reading file /home/carlos/Escritorio/BENEVOL/results/iteration8/repo/process_data.py for transformation.
2026-09-14 22:35:37,088 - greencoderefactor - INFO - Transformation log appended for /home/carlos/Escritorio/BENEVOL/results/iteration8/repo/process_data.py.
2026-09-14 22:35:37,089 - greencoderefactor - INFO - No transformations applied. Copied original file: /home/carlos/Escritorio/BENEVOL/results/iteration8/repo/process_data.py
2026-09-14 22:35:37,089 - greencoderefactor - INFO - Transforming file: /home/carlos/Escritorio/BENEVOL/results/iteration8/repo/test_data.py
2026-09-14 22:35:37,089 - greencoderefactor - INFO - Selected transformers: ['UnusedLocalVariablesTransformer']
2026-09-14 22:35:37,089 - greencoderefactor - INFO - Reading file /home/carlos/Escritorio/BENEVOL/results/iteration8/repo/test_data.py for transformation.
2026-09-14 22:35:37,089 - greencoderefactor - INFO - Transformation log appended for /home/carlos/Escritorio/BENEVOL/results/iteration8/repo/test_data.py.
2026-09-14 22:35:37,089 - greencoderefactor - INFO - No transformations applied. Copied original file: /home/carlos/Escritorio/BENEVOL/results/iteration8/repo/test_data.py
2026-09-14 22:35:37,089 - greencoderefactor - INFO - Transforming file: /home/carlos/Escritorio/BENEVOL/results/iteration8/repo/operations.py
2026-09-14 22:35:37,089 - greencoderefactor - INFO - Selected transformers: ['UnusedLocalVariablesTransformer']
2026-09-14 22:35:37,089 - greencoderefactor - INFO - Reading file /home/carlos/Escritorio/BENEVOL/results/iteration8/repo/operations.py for transformation.
2026-09-14 22:35:37,089 - greencoderefactor - INFO - Transformation log appended for /home/carlos/Escritorio/BENEVOL/results/iteration8/repo/operations.py.
2026-09-14 22:35:37,089 - greencoderefactor - INFO - No transformations applied. Copied original file: /home/carlos/Escritorio/BENEVOL/results/iteration8/repo/operations.py
2026-09-14 22:35:37,089 - greencoderefactor - INFO - No code changes detected
2026-09-14 22:35:37,089 - greencoderefactor - INFO - Refactor completed successfully. Output directory: /home/carlos/Escritorio/BENEVOL/results/iteration8/tmp_UnusedLocalVariablesTransformer
2026-09-14 22:35:37,122 - greencoderefactor - INFO - Starting refactor for directory: /home/carlos/Escritorio/BENEVOL/results/iteration8/repo
2026-09-14 22:35:37,122 - greencoderefactor - INFO - Using provided output directory: /home/carlos/Escritorio/BENEVOL/results/iteration8/tmp_UnusedAssignmentTransformer
2026-09-14 22:35:37,122 - greencoderefactor - INFO - Transforming file: /home/carlos/Escritorio/BENEVOL/results/iteration8/repo/process_data.py
2026-09-14 22:35:37,122 - greencoderefactor - INFO - Selected transformers: ['UnusedAssignmentTransformer']
2026-09-14 22:35:37,122 - greencoderefactor - INFO - Reading file /home/carlos/Escritorio/BENEVOL/results/iteration8/repo/process_data.py for transformation.
2026-09-14 22:35:37,123 - greencoderefactor - INFO - Transformation log appended for /home/carlos/Escritorio/BENEVOL/results/iteration8/repo/process_data.py.
2026-09-14 22:35:37,123 - greencoderefactor - INFO - No transformations applied. Copied original file: /home/carlos/Escritorio/BENEVOL/results/iteration8/repo/process_data.py
2026-09-14 22:35:37,123 - greencoderefactor - INFO - Transforming file: /home/carlos/Escritorio/BENEVOL/results/iteration8/repo/test_data.py
2026-09-14 22:35:37,123 - greencoderefactor - INFO - Selected transformers: ['UnusedAssignmentTransformer']
2026-09-14 22:35:37,123 - greencoderefactor - INFO - Reading file /home/carlos/Escritorio/BENEVOL/results/iteration8/repo/test_data.py for transformation.
2026-09-14 22:35:37,123 - greencoderefactor - INFO - Transformation log appended for /home/carlos/Escritorio/BENEVOL/results/iteration8/repo/test_data.py.
2026-09-14 22:35:37,123 - greencoderefactor - INFO - No transformations applied. Copied original file: /home/carlos/Escritorio/BENEVOL/results/iteration8/repo/test_data.py
2026-09-14 22:35:37,123 - greencoderefactor - INFO - Transforming file: /home/carlos/Escritorio/BENEVOL/results/iteration8/repo/operations.py
2026-09-14 22:35:37,123 - greencoderefactor - INFO - Selected transformers: ['UnusedAssignmentTransformer']
2026-09-14 22:35:37,123 - greencoderefactor - INFO - Reading file /home/carlos/Escritorio/BENEVOL/results/iteration8/repo/operations.py for transformation.
2026-09-14 22:35:37,124 - greencoderefactor - INFO - Transformation log appended for /home/carlos/Escritorio/BENEVOL/results/iteration8/repo/operations.py.
2026-09-14 22:35:37,124 - greencoderefactor - INFO - No transformations applied. Copied original file: /home/carlos/Escritorio/BENEVOL/results/iteration8/repo/operations.py
2026-09-14 22:35:37,124 - greencoderefactor - INFO - No code changes detected
2026-09-14 22:35:37,124 - greencoderefactor - INFO - Refactor completed successfully. Output directory: /home/carlos/Escritorio/BENEVOL/results/iteration8/tmp_UnusedAssignmentTransformer
2026-09-14 22:35:37,162 - greencoderefactor - INFO - Starting refactor for directory: /home/carlos/Escritorio/BENEVOL/results/iteration9/repo
2026-09-14 22:35:37,162 - greencoderefactor - INFO - Using provided output directory: /home/carlos/Escritorio/BENEVOL/results/iteration9/tmp_ExplicitRaiseToExceptBodyTransformer
2026-09-14 22:35:37,162 - greencoderefactor - INFO - Transforming file: /home/carlos/Escritorio/BENEVOL/results/iteration9/repo/process_data.py
2026-09-14 22:35:37,162 - greencoderefactor - INFO - Selected transformers: ['ExplicitRaiseToExceptBodyTransformer']
2026-09-14 22:35:37,162 - greencoderefactor - INFO - Reading file /home/carlos/Escritorio/BENEVOL/results/iteration9/repo/process_data.py for transformation.
2026-09-14 22:35:37,163 - greencoderefactor - INFO - Transformation log appended for /home/carlos/Escritorio/BENEVOL/results/iteration9/repo/process_data.py.
2026-09-14 22:35:37,163 - greencoderefactor - INFO - No transformations applied. Copied original file: /home/carlos/Escritorio/BENEVOL/results/iteration9/repo/process_data.py
2026-09-14 22:35:37,164 - greencoderefactor - INFO - Transforming file: /home/carlos/Escritorio/BENEVOL/results/iteration9/repo/test_data.py
2026-09-14 22:35:37,164 - greencoderefactor - INFO - Selected transformers: ['ExplicitRaiseToExceptBodyTransformer']
2026-09-14 22:35:37,164 - greencoderefactor - INFO - Reading file /home/carlos/Escritorio/BENEVOL/results/iteration9/repo/test_data.py for transformation.
2026-09-14 22:35:37,164 - greencoderefactor - INFO - Transformation log appended for /home/carlos/Escritorio/BENEVOL/results/iteration9/repo/test_data.py.
2026-09-14 22:35:37,164 - greencoderefactor - INFO - No transformations applied. Copied original file: /home/carlos/Escritorio/BENEVOL/results/iteration9/repo/test_data.py
2026-09-14 22:35:37,164 - greencoderefactor - INFO - Transforming file: /home/carlos/Escritorio/BENEVOL/results/iteration9/repo/operations.py
2026-09-14 22:35:37,164 - greencoderefactor - INFO - Selected transformers: ['ExplicitRaiseToExceptBodyTransformer']
2026-09-14 22:35:37,164 - greencoderefactor - INFO - Reading file /home/carlos/Escritorio/BENEVOL/results/iteration9/repo/operations.py for transformation.
2026-09-14 22:35:37,164 - greencoderefactor - INFO - Transformation log appended for /home/carlos/Escritorio/BENEVOL/results/iteration9/repo/operations.py.
2026-09-14 22:35:37,164 - greencoderefactor - INFO - No transformations applied. Copied original file: /home/carlos/Escritorio/BENEVOL/results/iteration9/repo/operations.py
2026-09-14 22:35:37,164 - greencoderefactor - INFO - No code changes detected
2026-09-14 22:35:37,164 - greencoderefactor - INFO - Refactor completed successfully. Output directory: /home/carlos/Escritorio/BENEVOL/results/iteration9/tmp_ExplicitRaiseToExceptBodyTransformer
2026-09-14 22:35:37,201 - greencoderefactor - INFO - Starting refactor for directory: /home/carlos/Escritorio/BENEVOL/results/iteration9/repo
2026-09-14 22:35:37,201 - greencoderefactor - INFO - Using provided output directory: /home/carlos/Escritorio/BENEVOL/results/iteration9/tmp_UnusedLocalVariablesTransformer
2026-09-14 22:35:37,201 - greencoderefactor - INFO - Transforming file: /home/carlos/Escritorio/BENEVOL/results/iteration9/repo/process_data.py
2026-09-14 22:35:37,201 - greencoderefactor - INFO - Selected transformers: ['UnusedLocalVariablesTransformer']
2026-09-14 22:35:37,201 - greencoderefactor - INFO - Reading file /home/carlos/Escritorio/BENEVOL/results/iteration9/repo/process_data.py for transformation.
2026-09-14 22:35:37,202 - greencoderefactor - INFO - Transformation log appended for /home/carlos/Escritorio/BENEVOL/results/iteration9/repo/process_data.py.
2026-09-14 22:35:37,203 - greencoderefactor - INFO - No transformations applied. Copied original file: /home/carlos/Escritorio/BENEVOL/results/iteration9/repo/process_data.py
2026-09-14 22:35:37,203 - greencoderefactor - INFO - Transforming file: /home/carlos/Escritorio/BENEVOL/results/iteration9/repo/test_data.py
2026-09-14 22:35:37,203 - greencoderefactor - INFO - Selected transformers: ['UnusedLocalVariablesTransformer']
2026-09-14 22:35:37,203 - greencoderefactor - INFO - Reading file /home/carlos/Escritorio/BENEVOL/results/iteration9/repo/test_data.py for transformation.
2026-09-14 22:35:37,203 - greencoderefactor - INFO - Transformation log appended for /home/carlos/Escritorio/BENEVOL/results/iteration9/repo/test_data.py.
2026-09-14 22:35:37,203 - greencoderefactor - INFO - No transformations applied. Copied original file: /home/carlos/Escritorio/BENEVOL/results/iteration9/repo/test_data.py
2026-09-14 22:35:37,203 - greencoderefactor - INFO - Transforming file: /home/carlos/Escritorio/BENEVOL/results/iteration9/repo/operations.py
2026-09-14 22:35:37,203 - greencoderefactor - INFO - Selected transformers: ['UnusedLocalVariablesTransformer']
2026-09-14 22:35:37,203 - greencoderefactor - INFO - Reading file /home/carlos/Escritorio/BENEVOL/results/iteration9/repo/operations.py for transformation.
2026-09-14 22:35:37,203 - greencoderefactor - INFO - Transformation log appended for /home/carlos/Escritorio/BENEVOL/results/iteration9/repo/operations.py.
2026-09-14 22:35:37,203 - greencoderefactor - INFO - No transformations applied. Copied original file: /home/carlos/Escritorio/BENEVOL/results/iteration9/repo/operations.py
2026-09-14 22:35:37,203 - greencoderefactor - INFO - No code changes detected
2026-09-14 22:35:37,203 - greencoderefactor - INFO - Refactor completed successfully. Output directory: /home/carlos/Escritorio/BENEVOL/results/iteration9/tmp_UnusedLocalVariablesTransformer
2026-09-14 22:35:37,235 - greencoderefactor - INFO - Starting refactor for directory: /home/carlos/Escritorio/BENEVOL/results/iteration9/repo
2026-09-14 22:35:37,235 - greencoderefactor - INFO - Using provided output directory: /home/carlos/Escritorio/BENEVOL/results/iteration9/tmp_UnusedAssignmentTransformer
2026-09-14 22:35:37,235 - greencoderefactor - INFO - Transforming file: /home/carlos/Escritorio/BENEVOL/results/iteration9/repo/process_data.py
2026-09-14 22:35:37,235 - greencoderefactor - INFO - Selected transformers: ['UnusedAssignmentTransformer']
2026-09-14 22:35:37,235 - greencoderefactor - INFO - Reading file /home/carlos/Escritorio/BENEVOL/results/iteration9/repo/process_data.py for transformation.
2026-09-14 22:35:37,236 - greencoderefactor - INFO - Transformation log appended for /home/carlos/Escritorio/BENEVOL/results/iteration9/repo/process_data.py.
2026-09-14 22:35:37,236 - greencoderefactor - INFO - No transformations applied. Copied original file: /home/carlos/Escritorio/BENEVOL/results/iteration9/repo/process_data.py
2026-09-14 22:35:37,236 - greencoderefactor - INFO - Transforming file: /home/carlos/Escritorio/BENEVOL/results/iteration9/repo/test_data.py
2026-09-14 22:35:37,236 - greencoderefactor - INFO - Selected transformers: ['UnusedAssignmentTransformer']
2026-09-14 22:35:37,236 - greencoderefactor - INFO - Reading file /home/carlos/Escritorio/BENEVOL/results/iteration9/repo/test_data.py for transformation.
2026-09-14 22:35:37,237 - greencoderefactor - INFO - Transformation log appended for /home/carlos/Escritorio/BENEVOL/results/iteration9/repo/test_data.py.
2026-09-14 22:35:37,237 - greencoderefactor - INFO - No transformations applied. Copied original file: /home/carlos/Escritorio/BENEVOL/results/iteration9/repo/test_data.py
2026-09-14 22:35:37,237 - greencoderefactor - INFO - Transforming file: /home/carlos/Escritorio/BENEVOL/results/iteration9/repo/operations.py
2026-09-14 22:35:37,237 - greencoderefactor - INFO - Selected transformers: ['UnusedAssignmentTransformer']
2026-09-14 22:35:37,237 - greencoderefactor - INFO - Reading file /home/carlos/Escritorio/BENEVOL/results/iteration9/repo/operations.py for transformation.
2026-09-14 22:35:37,237 - greencoderefactor - INFO - Transformation log appended for /home/carlos/Escritorio/BENEVOL/results/iteration9/repo/operations.py.
2026-09-14 22:35:37,237 - greencoderefactor - INFO - No transformations applied. Copied original file: /home/carlos/Escritorio/BENEVOL/results/iteration9/repo/operations.py
2026-09-14 22:35:37,237 - greencoderefactor - INFO - No code changes detected
2026-09-14 22:35:37,237 - greencoderefactor - INFO - Refactor completed successfully. Output directory: /home/carlos/Escritorio/BENEVOL/results/iteration9/tmp_UnusedAssignmentTransformer
2026-09-14 22:35:37,271 - greencoderefactor - INFO - Starting refactor for directory: /home/carlos/Escritorio/BENEVOL/results/iteration10/repo
2026-09-14 22:35:37,272 - greencoderefactor - INFO - Using provided output directory: /home/carlos/Escritorio/BENEVOL/results/iteration10/tmp_ExplicitRaiseToExceptBodyTransformer
2026-09-14 22:35:37,272 - greencoderefactor - INFO - Transforming file: /home/carlos/Escritorio/BENEVOL/results/iteration10/repo/process_data.py
2026-09-14 22:35:37,272 - greencoderefactor - INFO - Selected transformers: ['ExplicitRaiseToExceptBodyTransformer']
2026-09-14 22:35:37,272 - greencoderefactor - INFO - Reading file /home/carlos/Escritorio/BENEVOL/results/iteration10/repo/process_data.py for transformation.
2026-09-14 22:35:37,273 - greencoderefactor - INFO - Transformation log appended for /home/carlos/Escritorio/BENEVOL/results/iteration10/repo/process_data.py.
2026-09-14 22:35:37,273 - greencoderefactor - INFO - No transformations applied. Copied original file: /home/carlos/Escritorio/BENEVOL/results/iteration10/repo/process_data.py
2026-09-14 22:35:37,273 - greencoderefactor - INFO - Transforming file: /home/carlos/Escritorio/BENEVOL/results/iteration10/repo/test_data.py
2026-09-14 22:35:37,273 - greencoderefactor - INFO - Selected transformers: ['ExplicitRaiseToExceptBodyTransformer']
2026-09-14 22:35:37,273 - greencoderefactor - INFO - Reading file /home/carlos/Escritorio/BENEVOL/results/iteration10/repo/test_data.py for transformation.
2026-09-14 22:35:37,273 - greencoderefactor - INFO - Transformation log appended for /home/carlos/Escritorio/BENEVOL/results/iteration10/repo/test_data.py.
2026-09-14 22:35:37,273 - greencoderefactor - INFO - No transformations applied. Copied original file: /home/carlos/Escritorio/BENEVOL/results/iteration10/repo/test_data.py
2026-09-14 22:35:37,273 - greencoderefactor - INFO - Transforming file: /home/carlos/Escritorio/BENEVOL/results/iteration10/repo/operations.py
2026-09-14 22:35:37,273 - greencoderefactor - INFO - Selected transformers: ['ExplicitRaiseToExceptBodyTransformer']
2026-09-14 22:35:37,273 - greencoderefactor - INFO - Reading file /home/carlos/Escritorio/BENEVOL/results/iteration10/repo/operations.py for transformation.
2026-09-14 22:35:37,274 - greencoderefactor - INFO - Transformation log appended for /home/carlos/Escritorio/BENEVOL/results/iteration10/repo/operations.py.
2026-09-14 22:35:37,274 - greencoderefactor - INFO - No transformations applied. Copied original file: /home/carlos/Escritorio/BENEVOL/results/iteration10/repo/operations.py
2026-09-14 22:35:37,274 - greencoderefactor - INFO - No code changes detected
2026-09-14 22:35:37,274 - greencoderefactor - INFO - Refactor completed successfully. Output directory: /home/carlos/Escritorio/BENEVOL/results/iteration10/tmp_ExplicitRaiseToExceptBodyTransformer
2026-09-14 22:35:37,306 - greencoderefactor - INFO - Starting refactor for directory: /home/carlos/Escritorio/BENEVOL/results/iteration10/repo
2026-09-14 22:35:37,307 - greencoderefactor - INFO - Using provided output directory: /home/carlos/Escritorio/BENEVOL/results/iteration10/tmp_UnusedLocalVariablesTransformer
2026-09-14 22:35:37,307 - greencoderefactor - INFO - Transforming file: /home/carlos/Escritorio/BENEVOL/results/iteration10/repo/process_data.py
2026-09-14 22:35:37,307 - greencoderefactor - INFO - Selected transformers: ['UnusedLocalVariablesTransformer']
2026-09-14 22:35:37,307 - greencoderefactor - INFO - Reading file /home/carlos/Escritorio/BENEVOL/results/iteration10/repo/process_data.py for transformation.
2026-09-14 22:35:37,308 - greencoderefactor - INFO - Transformation log appended for /home/carlos/Escritorio/BENEVOL/results/iteration10/repo/process_data.py.
2026-09-14 22:35:37,308 - greencoderefactor - INFO - No transformations applied. Copied original file: /home/carlos/Escritorio/BENEVOL/results/iteration10/repo/process_data.py
2026-09-14 22:35:37,308 - greencoderefactor - INFO - Transforming file: /home/carlos/Escritorio/BENEVOL/results/iteration10/repo/test_data.py
2026-09-14 22:35:37,308 - greencoderefactor - INFO - Selected transformers: ['UnusedLocalVariablesTransformer']
2026-09-14 22:35:37,308 - greencoderefactor - INFO - Reading file /home/carlos/Escritorio/BENEVOL/results/iteration10/repo/test_data.py for transformation.
2026-09-14 22:35:37,308 - greencoderefactor - INFO - Transformation log appended for /home/carlos/Escritorio/BENEVOL/results/iteration10/repo/test_data.py.
2026-09-14 22:35:37,308 - greencoderefactor - INFO - No transformations applied. Copied original file: /home/carlos/Escritorio/BENEVOL/results/iteration10/repo/test_data.py
2026-09-14 22:35:37,308 - greencoderefactor - INFO - Transforming file: /home/carlos/Escritorio/BENEVOL/results/iteration10/repo/operations.py
2026-09-14 22:35:37,308 - greencoderefactor - INFO - Selected transformers: ['UnusedLocalVariablesTransformer']
2026-09-14 22:35:37,308 - greencoderefactor - INFO - Reading file /home/carlos/Escritorio/BENEVOL/results/iteration10/repo/operations.py for transformation.
2026-09-14 22:35:37,309 - greencoderefactor - INFO - Transformation log appended for /home/carlos/Escritorio/BENEVOL/results/iteration10/repo/operations.py.
2026-09-14 22:35:37,309 - greencoderefactor - INFO - No transformations applied. Copied original file: /home/carlos/Escritorio/BENEVOL/results/iteration10/repo/operations.py
2026-09-14 22:35:37,309 - greencoderefactor - INFO - No code changes detected
2026-09-14 22:35:37,309 - greencoderefactor - INFO - Refactor completed successfully. Output directory: /home/carlos/Escritorio/BENEVOL/results/iteration10/tmp_UnusedLocalVariablesTransformer
2026-09-14 22:35:37,340 - greencoderefactor - INFO - Starting refactor for directory: /home/carlos/Escritorio/BENEVOL/results/iteration10/repo
2026-09-14 22:35:37,340 - greencoderefactor - INFO - Using provided output directory: /home/carlos/Escritorio/BENEVOL/results/iteration10/tmp_UnusedAssignmentTransformer
2026-09-14 22:35:37,341 - greencoderefactor - INFO - Transforming file: /home/carlos/Escritorio/BENEVOL/results/iteration10/repo/process_data.py
2026-09-14 22:35:37,341 - greencoderefactor - INFO - Selected transformers: ['UnusedAssignmentTransformer']
2026-09-14 22:35:37,341 - greencoderefactor - INFO - Reading file /home/carlos/Escritorio/BENEVOL/results/iteration10/repo/process_data.py for transformation.
2026-09-14 22:35:37,342 - greencoderefactor - INFO - Transformation log appended for /home/carlos/Escritorio/BENEVOL/results/iteration10/repo/process_data.py.
2026-09-14 22:35:37,342 - greencoderefactor - INFO - No transformations applied. Copied original file: /home/carlos/Escritorio/BENEVOL/results/iteration10/repo/process_data.py
2026-09-14 22:35:37,342 - greencoderefactor - INFO - Transforming file: /home/carlos/Escritorio/BENEVOL/results/iteration10/repo/test_data.py
2026-09-14 22:35:37,342 - greencoderefactor - INFO - Selected transformers: ['UnusedAssignmentTransformer']
2026-09-14 22:35:37,342 - greencoderefactor - INFO - Reading file /home/carlos/Escritorio/BENEVOL/results/iteration10/repo/test_data.py for transformation.
2026-09-14 22:35:37,342 - greencoderefactor - INFO - Transformation log appended for /home/carlos/Escritorio/BENEVOL/results/iteration10/repo/test_data.py.
2026-09-14 22:35:37,342 - greencoderefactor - INFO - No transformations applied. Copied original file: /home/carlos/Escritorio/BENEVOL/results/iteration10/repo/test_data.py
2026-09-14 22:35:37,342 - greencoderefactor - INFO - Transforming file: /home/carlos/Escritorio/BENEVOL/results/iteration10/repo/operations.py
2026-09-14 22:35:37,342 - greencoderefactor - INFO - Selected transformers: ['UnusedAssignmentTransformer']
2026-09-14 22:35:37,342 - greencoderefactor - INFO - Reading file /home/carlos/Escritorio/BENEVOL/results/iteration10/repo/operations.py for transformation.
2026-09-14 22:35:37,342 - greencoderefactor - INFO - Transformation log appended for /home/carlos/Escritorio/BENEVOL/results/iteration10/repo/operations.py.
2026-09-14 22:35:37,342 - greencoderefactor - INFO - No transformations applied. Copied original file: /home/carlos/Escritorio/BENEVOL/results/iteration10/repo/operations.py
2026-09-14 22:35:37,343 - greencoderefactor - INFO - No code changes detected
2026-09-14 22:35:37,343 - greencoderefactor - INFO - Refactor completed successfully. Output directory: /home/carlos/Escritorio/BENEVOL/results/iteration10/tmp_UnusedAssignmentTransformer
2026-09-14 22:35:37,374 - greencoderefactor - INFO - Starting refactor for directory: /home/carlos/Escritorio/BENEVOL/results/iteration11/repo
2026-09-14 22:35:37,374 - greencoderefactor - INFO - Using provided output directory: /home/carlos/Escritorio/BENEVOL/results/iteration11/tmp_ExplicitRaiseToExceptBodyTransformer
2026-09-14 22:35:37,374 - greencoderefactor - INFO - Transforming file: /home/carlos/Escritorio/BENEVOL/results/iteration11/repo/process_data.py
2026-09-14 22:35:37,374 - greencoderefactor - INFO - Selected transformers: ['ExplicitRaiseToExceptBodyTransformer']
2026-09-14 22:35:37,374 - greencoderefactor - INFO - Reading file /home/carlos/Escritorio/BENEVOL/results/iteration11/repo/process_data.py for transformation.
2026-09-14 22:35:37,375 - greencoderefactor - INFO - Transformation log appended for /home/carlos/Escritorio/BENEVOL/results/iteration11/repo/process_data.py.
2026-09-14 22:35:37,376 - greencoderefactor - INFO - No transformations applied. Copied original file: /home/carlos/Escritorio/BENEVOL/results/iteration11/repo/process_data.py
2026-09-14 22:35:37,376 - greencoderefactor - INFO - Transforming file: /home/carlos/Escritorio/BENEVOL/results/iteration11/repo/test_data.py
2026-09-14 22:35:37,376 - greencoderefactor - INFO - Selected transformers: ['ExplicitRaiseToExceptBodyTransformer']
2026-09-14 22:35:37,376 - greencoderefactor - INFO - Reading file /home/carlos/Escritorio/BENEVOL/results/iteration11/repo/test_data.py for transformation.
2026-09-14 22:35:37,376 - greencoderefactor - INFO - Transformation log appended for /home/carlos/Escritorio/BENEVOL/results/iteration11/repo/test_data.py.
2026-09-14 22:35:37,376 - greencoderefactor - INFO - No transformations applied. Copied original file: /home/carlos/Escritorio/BENEVOL/results/iteration11/repo/test_data.py
2026-09-14 22:35:37,376 - greencoderefactor - INFO - Transforming file: /home/carlos/Escritorio/BENEVOL/results/iteration11/repo/operations.py
2026-09-14 22:35:37,376 - greencoderefactor - INFO - Selected transformers: ['ExplicitRaiseToExceptBodyTransformer']
2026-09-14 22:35:37,376 - greencoderefactor - INFO - Reading file /home/carlos/Escritorio/BENEVOL/results/iteration11/repo/operations.py for transformation.
2026-09-14 22:35:37,376 - greencoderefactor - INFO - Transformation log appended for /home/carlos/Escritorio/BENEVOL/results/iteration11/repo/operations.py.
2026-09-14 22:35:37,376 - greencoderefactor - INFO - No transformations applied. Copied original file: /home/carlos/Escritorio/BENEVOL/results/iteration11/repo/operations.py
2026-09-14 22:35:37,376 - greencoderefactor - INFO - No code changes detected
2026-09-14 22:35:37,376 - greencoderefactor - INFO - Refactor completed successfully. Output directory: /home/carlos/Escritorio/BENEVOL/results/iteration11/tmp_ExplicitRaiseToExceptBodyTransformer
2026-09-14 22:35:37,422 - greencoderefactor - INFO - Starting refactor for directory: /home/carlos/Escritorio/BENEVOL/results/iteration11/repo
2026-09-14 22:35:37,422 - greencoderefactor - INFO - Using provided output directory: /home/carlos/Escritorio/BENEVOL/results/iteration11/tmp_UnusedLocalVariablesTransformer
2026-09-14 22:35:37,422 - greencoderefactor - INFO - Transforming file: /home/carlos/Escritorio/BENEVOL/results/iteration11/repo/process_data.py
2026-09-14 22:35:37,422 - greencoderefactor - INFO - Selected transformers: ['UnusedLocalVariablesTransformer']
2026-09-14 22:35:37,422 - greencoderefactor - INFO - Reading file /home/carlos/Escritorio/BENEVOL/results/iteration11/repo/process_data.py for transformation.
2026-09-14 22:35:37,423 - greencoderefactor - INFO - Transformation log appended for /home/carlos/Escritorio/BENEVOL/results/iteration11/repo/process_data.py.
2026-09-14 22:35:37,423 - greencoderefactor - INFO - No transformations applied. Copied original file: /home/carlos/Escritorio/BENEVOL/results/iteration11/repo/process_data.py
2026-09-14 22:35:37,423 - greencoderefactor - INFO - Transforming file: /home/carlos/Escritorio/BENEVOL/results/iteration11/repo/test_data.py
2026-09-14 22:35:37,423 - greencoderefactor - INFO - Selected transformers: ['UnusedLocalVariablesTransformer']
2026-09-14 22:35:37,423 - greencoderefactor - INFO - Reading file /home/carlos/Escritorio/BENEVOL/results/iteration11/repo/test_data.py for transformation.
2026-09-14 22:35:37,424 - greencoderefactor - INFO - Transformation log appended for /home/carlos/Escritorio/BENEVOL/results/iteration11/repo/test_data.py.
2026-09-14 22:35:37,424 - greencoderefactor - INFO - No transformations applied. Copied original file: /home/carlos/Escritorio/BENEVOL/results/iteration11/repo/test_data.py
2026-09-14 22:35:37,424 - greencoderefactor - INFO - Transforming file: /home/carlos/Escritorio/BENEVOL/results/iteration11/repo/operations.py
2026-09-14 22:35:37,424 - greencoderefactor - INFO - Selected transformers: ['UnusedLocalVariablesTransformer']
2026-09-14 22:35:37,424 - greencoderefactor - INFO - Reading file /home/carlos/Escritorio/BENEVOL/results/iteration11/repo/operations.py for transformation.
2026-09-14 22:35:37,424 - greencoderefactor - INFO - Transformation log appended for /home/carlos/Escritorio/BENEVOL/results/iteration11/repo/operations.py.
2026-09-14 22:35:37,424 - greencoderefactor - INFO - No transformations applied. Copied original file: /home/carlos/Escritorio/BENEVOL/results/iteration11/repo/operations.py
2026-09-14 22:35:37,424 - greencoderefactor - INFO - No code changes detected
2026-09-14 22:35:37,424 - greencoderefactor - INFO - Refactor completed successfully. Output directory: /home/carlos/Escritorio/BENEVOL/results/iteration11/tmp_UnusedLocalVariablesTransformer
2026-09-14 22:35:37,460 - greencoderefactor - INFO - Starting refactor for directory: /home/carlos/Escritorio/BENEVOL/results/iteration11/repo
2026-09-14 22:35:37,460 - greencoderefactor - INFO - Using provided output directory: /home/carlos/Escritorio/BENEVOL/results/iteration11/tmp_UnusedAssignmentTransformer
2026-09-14 22:35:37,460 - greencoderefactor - INFO - Transforming file: /home/carlos/Escritorio/BENEVOL/results/iteration11/repo/process_data.py
2026-09-14 22:35:37,460 - greencoderefactor - INFO - Selected transformers: ['UnusedAssignmentTransformer']
2026-09-14 22:35:37,460 - greencoderefactor - INFO - Reading file /home/carlos/Escritorio/BENEVOL/results/iteration11/repo/process_data.py for transformation.
2026-09-14 22:35:37,461 - greencoderefactor - INFO - Transformation log appended for /home/carlos/Escritorio/BENEVOL/results/iteration11/repo/process_data.py.
2026-09-14 22:35:37,461 - greencoderefactor - INFO - No transformations applied. Copied original file: /home/carlos/Escritorio/BENEVOL/results/iteration11/repo/process_data.py
2026-09-14 22:35:37,461 - greencoderefactor - INFO - Transforming file: /home/carlos/Escritorio/BENEVOL/results/iteration11/repo/test_data.py
2026-09-14 22:35:37,461 - greencoderefactor - INFO - Selected transformers: ['UnusedAssignmentTransformer']
2026-09-14 22:35:37,461 - greencoderefactor - INFO - Reading file /home/carlos/Escritorio/BENEVOL/results/iteration11/repo/test_data.py for transformation.
2026-09-14 22:35:37,461 - greencoderefactor - INFO - Transformation log appended for /home/carlos/Escritorio/BENEVOL/results/iteration11/repo/test_data.py.
2026-09-14 22:35:37,462 - greencoderefactor - INFO - No transformations applied. Copied original file: /home/carlos/Escritorio/BENEVOL/results/iteration11/repo/test_data.py
2026-09-14 22:35:37,462 - greencoderefactor - INFO - Transforming file: /home/carlos/Escritorio/BENEVOL/results/iteration11/repo/operations.py
2026-09-14 22:35:37,462 - greencoderefactor - INFO - Selected transformers: ['UnusedAssignmentTransformer']
2026-09-14 22:35:37,462 - greencoderefactor - INFO - Reading file /home/carlos/Escritorio/BENEVOL/results/iteration11/repo/operations.py for transformation.
2026-09-14 22:35:37,462 - greencoderefactor - INFO - Transformation log appended for /home/carlos/Escritorio/BENEVOL/results/iteration11/repo/operations.py.
2026-09-14 22:35:37,462 - greencoderefactor - INFO - No transformations applied. Copied original file: /home/carlos/Escritorio/BENEVOL/results/iteration11/repo/operations.py
2026-09-14 22:35:37,462 - greencoderefactor - INFO - No code changes detected
2026-09-14 22:35:37,462 - greencoderefactor - INFO - Refactor completed successfully. Output directory: /home/carlos/Escritorio/BENEVOL/results/iteration11/tmp_UnusedAssignmentTransformer
2026-09-14 22:35:37,501 - greencoderefactor - INFO - Starting refactor for directory: /home/carlos/Escritorio/BENEVOL/results/iteration12/repo
2026-09-14 22:35:37,501 - greencoderefactor - INFO - Using provided output directory: /home/carlos/Escritorio/BENEVOL/results/iteration12/tmp_ExplicitRaiseToExceptBodyTransformer
2026-09-14 22:35:37,502 - greencoderefactor - INFO - Transforming file: /home/carlos/Escritorio/BENEVOL/results/iteration12/repo/process_data.py
2026-09-14 22:35:37,502 - greencoderefactor - INFO - Selected transformers: ['ExplicitRaiseToExceptBodyTransformer']
2026-09-14 22:35:37,502 - greencoderefactor - INFO - Reading file /home/carlos/Escritorio/BENEVOL/results/iteration12/repo/process_data.py for transformation.
2026-09-14 22:35:37,503 - greencoderefactor - INFO - Transformation log appended for /home/carlos/Escritorio/BENEVOL/results/iteration12/repo/process_data.py.
2026-09-14 22:35:37,503 - greencoderefactor - INFO - No transformations applied. Copied original file: /home/carlos/Escritorio/BENEVOL/results/iteration12/repo/process_data.py
2026-09-14 22:35:37,503 - greencoderefactor - INFO - Transforming file: /home/carlos/Escritorio/BENEVOL/results/iteration12/repo/test_data.py
2026-09-14 22:35:37,503 - greencoderefactor - INFO - Selected transformers: ['ExplicitRaiseToExceptBodyTransformer']
2026-09-14 22:35:37,503 - greencoderefactor - INFO - Reading file /home/carlos/Escritorio/BENEVOL/results/iteration12/repo/test_data.py for transformation.
2026-09-14 22:35:37,503 - greencoderefactor - INFO - Transformation log appended for /home/carlos/Escritorio/BENEVOL/results/iteration12/repo/test_data.py.
2026-09-14 22:35:37,503 - greencoderefactor - INFO - No transformations applied. Copied original file: /home/carlos/Escritorio/BENEVOL/results/iteration12/repo/test_data.py
2026-09-14 22:35:37,503 - greencoderefactor - INFO - Transforming file: /home/carlos/Escritorio/BENEVOL/results/iteration12/repo/operations.py
2026-09-14 22:35:37,503 - greencoderefactor - INFO - Selected transformers: ['ExplicitRaiseToExceptBodyTransformer']
2026-09-14 22:35:37,503 - greencoderefactor - INFO - Reading file /home/carlos/Escritorio/BENEVOL/results/iteration12/repo/operations.py for transformation.
2026-09-14 22:35:37,504 - greencoderefactor - INFO - Transformation log appended for /home/carlos/Escritorio/BENEVOL/results/iteration12/repo/operations.py.
2026-09-14 22:35:37,504 - greencoderefactor - INFO - No transformations applied. Copied original file: /home/carlos/Escritorio/BENEVOL/results/iteration12/repo/operations.py
2026-09-14 22:35:37,504 - greencoderefactor - INFO - No code changes detected
2026-09-14 22:35:37,504 - greencoderefactor - INFO - Refactor completed successfully. Output directory: /home/carlos/Escritorio/BENEVOL/results/iteration12/tmp_ExplicitRaiseToExceptBodyTransformer
2026-09-14 22:35:37,544 - greencoderefactor - INFO - Starting refactor for directory: /home/carlos/Escritorio/BENEVOL/results/iteration12/repo
2026-09-14 22:35:37,544 - greencoderefactor - INFO - Using provided output directory: /home/carlos/Escritorio/BENEVOL/results/iteration12/tmp_UnusedLocalVariablesTransformer
2026-09-14 22:35:37,544 - greencoderefactor - INFO - Transforming file: /home/carlos/Escritorio/BENEVOL/results/iteration12/repo/process_data.py
2026-09-14 22:35:37,544 - greencoderefactor - INFO - Selected transformers: ['UnusedLocalVariablesTransformer']
2026-09-14 22:35:37,544 - greencoderefactor - INFO - Reading file /home/carlos/Escritorio/BENEVOL/results/iteration12/repo/process_data.py for transformation.
2026-09-14 22:35:37,545 - greencoderefactor - INFO - Transformation log appended for /home/carlos/Escritorio/BENEVOL/results/iteration12/repo/process_data.py.
2026-09-14 22:35:37,545 - greencoderefactor - INFO - No transformations applied. Copied original file: /home/carlos/Escritorio/BENEVOL/results/iteration12/repo/process_data.py
2026-09-14 22:35:37,545 - greencoderefactor - INFO - Transforming file: /home/carlos/Escritorio/BENEVOL/results/iteration12/repo/test_data.py
2026-09-14 22:35:37,545 - greencoderefactor - INFO - Selected transformers: ['UnusedLocalVariablesTransformer']
2026-09-14 22:35:37,545 - greencoderefactor - INFO - Reading file /home/carlos/Escritorio/BENEVOL/results/iteration12/repo/test_data.py for transformation.
2026-09-14 22:35:37,546 - greencoderefactor - INFO - Transformation log appended for /home/carlos/Escritorio/BENEVOL/results/iteration12/repo/test_data.py.
2026-09-14 22:35:37,546 - greencoderefactor - INFO - No transformations applied. Copied original file: /home/carlos/Escritorio/BENEVOL/results/iteration12/repo/test_data.py
2026-09-14 22:35:37,546 - greencoderefactor - INFO - Transforming file: /home/carlos/Escritorio/BENEVOL/results/iteration12/repo/operations.py
2026-09-14 22:35:37,546 - greencoderefactor - INFO - Selected transformers: ['UnusedLocalVariablesTransformer']
2026-09-14 22:35:37,546 - greencoderefactor - INFO - Reading file /home/carlos/Escritorio/BENEVOL/results/iteration12/repo/operations.py for transformation.
2026-09-14 22:35:37,546 - greencoderefactor - INFO - Transformation log appended for /home/carlos/Escritorio/BENEVOL/results/iteration12/repo/operations.py.
2026-09-14 22:35:37,546 - greencoderefactor - INFO - No transformations applied. Copied original file: /home/carlos/Escritorio/BENEVOL/results/iteration12/repo/operations.py
2026-09-14 22:35:37,546 - greencoderefactor - INFO - No code changes detected
2026-09-14 22:35:37,546 - greencoderefactor - INFO - Refactor completed successfully. Output directory: /home/carlos/Escritorio/BENEVOL/results/iteration12/tmp_UnusedLocalVariablesTransformer
2026-09-14 22:35:37,578 - greencoderefactor - INFO - Starting refactor for directory: /home/carlos/Escritorio/BENEVOL/results/iteration12/repo
2026-09-14 22:35:37,578 - greencoderefactor - INFO - Using provided output directory: /home/carlos/Escritorio/BENEVOL/results/iteration12/tmp_UnusedAssignmentTransformer
2026-09-14 22:35:37,578 - greencoderefactor - INFO - Transforming file: /home/carlos/Escritorio/BENEVOL/results/iteration12/repo/process_data.py
2026-09-14 22:35:37,578 - greencoderefactor - INFO - Selected transformers: ['UnusedAssignmentTransformer']
2026-09-14 22:35:37,578 - greencoderefactor - INFO - Reading file /home/carlos/Escritorio/BENEVOL/results/iteration12/repo/process_data.py for transformation.
2026-09-14 22:35:37,579 - greencoderefactor - INFO - Transformation log appended for /home/carlos/Escritorio/BENEVOL/results/iteration12/repo/process_data.py.
2026-09-14 22:35:37,579 - greencoderefactor - INFO - No transformations applied. Copied original file: /home/carlos/Escritorio/BENEVOL/results/iteration12/repo/process_data.py
2026-09-14 22:35:37,579 - greencoderefactor - INFO - Transforming file: /home/carlos/Escritorio/BENEVOL/results/iteration12/repo/test_data.py
2026-09-14 22:35:37,579 - greencoderefactor - INFO - Selected transformers: ['UnusedAssignmentTransformer']
2026-09-14 22:35:37,579 - greencoderefactor - INFO - Reading file /home/carlos/Escritorio/BENEVOL/results/iteration12/repo/test_data.py for transformation.
2026-09-14 22:35:37,579 - greencoderefactor - INFO - Transformation log appended for /home/carlos/Escritorio/BENEVOL/results/iteration12/repo/test_data.py.
2026-09-14 22:35:37,580 - greencoderefactor - INFO - No transformations applied. Copied original file: /home/carlos/Escritorio/BENEVOL/results/iteration12/repo/test_data.py
2026-09-14 22:35:37,580 - greencoderefactor - INFO - Transforming file: /home/carlos/Escritorio/BENEVOL/results/iteration12/repo/operations.py
2026-09-14 22:35:37,580 - greencoderefactor - INFO - Selected transformers: ['UnusedAssignmentTransformer']
2026-09-14 22:35:37,580 - greencoderefactor - INFO - Reading file /home/carlos/Escritorio/BENEVOL/results/iteration12/repo/operations.py for transformation.
2026-09-14 22:35:37,580 - greencoderefactor - INFO - Transformation log appended for /home/carlos/Escritorio/BENEVOL/results/iteration12/repo/operations.py.
2026-09-14 22:35:37,580 - greencoderefactor - INFO - No transformations applied. Copied original file: /home/carlos/Escritorio/BENEVOL/results/iteration12/repo/operations.py
2026-09-14 22:35:37,580 - greencoderefactor - INFO - No code changes detected
2026-09-14 22:35:37,580 - greencoderefactor - INFO - Refactor completed successfully. Output directory: /home/carlos/Escritorio/BENEVOL/results/iteration12/tmp_UnusedAssignmentTransformer
2026-09-14 22:35:37,613 - greencoderefactor - INFO - Starting refactor for directory: /home/carlos/Escritorio/BENEVOL/results/iteration13/repo
2026-09-14 22:35:37,613 - greencoderefactor - INFO - Using provided output directory: /home/carlos/Escritorio/BENEVOL/results/iteration13/tmp_ExplicitRaiseToExceptBodyTransformer
2026-09-14 22:35:37,613 - greencoderefactor - INFO - Transforming file: /home/carlos/Escritorio/BENEVOL/results/iteration13/repo/process_data.py
2026-09-14 22:35:37,613 - greencoderefactor - INFO - Selected transformers: ['ExplicitRaiseToExceptBodyTransformer']
2026-09-14 22:35:37,613 - greencoderefactor - INFO - Reading file /home/carlos/Escritorio/BENEVOL/results/iteration13/repo/process_data.py for transformation.
2026-09-14 22:35:37,614 - greencoderefactor - INFO - Transformation log appended for /home/carlos/Escritorio/BENEVOL/results/iteration13/repo/process_data.py.
2026-09-14 22:35:37,614 - greencoderefactor - INFO - No transformations applied. Copied original file: /home/carlos/Escritorio/BENEVOL/results/iteration13/repo/process_data.py
2026-09-14 22:35:37,614 - greencoderefactor - INFO - Transforming file: /home/carlos/Escritorio/BENEVOL/results/iteration13/repo/test_data.py
2026-09-14 22:35:37,614 - greencoderefactor - INFO - Selected transformers: ['ExplicitRaiseToExceptBodyTransformer']
2026-09-14 22:35:37,614 - greencoderefactor - INFO - Reading file /home/carlos/Escritorio/BENEVOL/results/iteration13/repo/test_data.py for transformation.
2026-09-14 22:35:37,615 - greencoderefactor - INFO - Transformation log appended for /home/carlos/Escritorio/BENEVOL/results/iteration13/repo/test_data.py.
2026-09-14 22:35:37,615 - greencoderefactor - INFO - No transformations applied. Copied original file: /home/carlos/Escritorio/BENEVOL/results/iteration13/repo/test_data.py
2026-09-14 22:35:37,615 - greencoderefactor - INFO - Transforming file: /home/carlos/Escritorio/BENEVOL/results/iteration13/repo/operations.py
2026-09-14 22:35:37,615 - greencoderefactor - INFO - Selected transformers: ['ExplicitRaiseToExceptBodyTransformer']
2026-09-14 22:35:37,615 - greencoderefactor - INFO - Reading file /home/carlos/Escritorio/BENEVOL/results/iteration13/repo/operations.py for transformation.
2026-09-14 22:35:37,615 - greencoderefactor - INFO - Transformation log appended for /home/carlos/Escritorio/BENEVOL/results/iteration13/repo/operations.py.
2026-09-14 22:35:37,615 - greencoderefactor - INFO - No transformations applied. Copied original file: /home/carlos/Escritorio/BENEVOL/results/iteration13/repo/operations.py
2026-09-14 22:35:37,615 - greencoderefactor - INFO - No code changes detected
2026-09-14 22:35:37,615 - greencoderefactor - INFO - Refactor completed successfully. Output directory: /home/carlos/Escritorio/BENEVOL/results/iteration13/tmp_ExplicitRaiseToExceptBodyTransformer
2026-09-14 22:35:37,648 - greencoderefactor - INFO - Starting refactor for directory: /home/carlos/Escritorio/BENEVOL/results/iteration13/repo
2026-09-14 22:35:37,648 - greencoderefactor - INFO - Using provided output directory: /home/carlos/Escritorio/BENEVOL/results/iteration13/tmp_UnusedLocalVariablesTransformer
2026-09-14 22:35:37,648 - greencoderefactor - INFO - Transforming file: /home/carlos/Escritorio/BENEVOL/results/iteration13/repo/process_data.py
2026-09-14 22:35:37,648 - greencoderefactor - INFO - Selected transformers: ['UnusedLocalVariablesTransformer']
2026-09-14 22:35:37,648 - greencoderefactor - INFO - Reading file /home/carlos/Escritorio/BENEVOL/results/iteration13/repo/process_data.py for transformation.
2026-09-14 22:35:37,649 - greencoderefactor - INFO - Transformation log appended for /home/carlos/Escritorio/BENEVOL/results/iteration13/repo/process_data.py.
2026-09-14 22:35:37,649 - greencoderefactor - INFO - No transformations applied. Copied original file: /home/carlos/Escritorio/BENEVOL/results/iteration13/repo/process_data.py
2026-09-14 22:35:37,649 - greencoderefactor - INFO - Transforming file: /home/carlos/Escritorio/BENEVOL/results/iteration13/repo/test_data.py
2026-09-14 22:35:37,649 - greencoderefactor - INFO - Selected transformers: ['UnusedLocalVariablesTransformer']
2026-09-14 22:35:37,649 - greencoderefactor - INFO - Reading file /home/carlos/Escritorio/BENEVOL/results/iteration13/repo/test_data.py for transformation.
2026-09-14 22:35:37,649 - greencoderefactor - INFO - Transformation log appended for /home/carlos/Escritorio/BENEVOL/results/iteration13/repo/test_data.py.
2026-09-14 22:35:37,649 - greencoderefactor - INFO - No transformations applied. Copied original file: /home/carlos/Escritorio/BENEVOL/results/iteration13/repo/test_data.py
2026-09-14 22:35:37,649 - greencoderefactor - INFO - Transforming file: /home/carlos/Escritorio/BENEVOL/results/iteration13/repo/operations.py
2026-09-14 22:35:37,649 - greencoderefactor - INFO - Selected transformers: ['UnusedLocalVariablesTransformer']
2026-09-14 22:35:37,649 - greencoderefactor - INFO - Reading file /home/carlos/Escritorio/BENEVOL/results/iteration13/repo/operations.py for transformation.
2026-09-14 22:35:37,650 - greencoderefactor - INFO - Transformation log appended for /home/carlos/Escritorio/BENEVOL/results/iteration13/repo/operations.py.
2026-09-14 22:35:37,650 - greencoderefactor - INFO - No transformations applied. Copied original file: /home/carlos/Escritorio/BENEVOL/results/iteration13/repo/operations.py
2026-09-14 22:35:37,650 - greencoderefactor - INFO - No code changes detected
2026-09-14 22:35:37,650 - greencoderefactor - INFO - Refactor completed successfully. Output directory: /home/carlos/Escritorio/BENEVOL/results/iteration13/tmp_UnusedLocalVariablesTransformer
2026-09-14 22:35:37,680 - greencoderefactor - INFO - Starting refactor for directory: /home/carlos/Escritorio/BENEVOL/results/iteration13/repo
2026-09-14 22:35:37,680 - greencoderefactor - INFO - Using provided output directory: /home/carlos/Escritorio/BENEVOL/results/iteration13/tmp_UnusedAssignmentTransformer
2026-09-14 22:35:37,681 - greencoderefactor - INFO - Transforming file: /home/carlos/Escritorio/BENEVOL/results/iteration13/repo/process_data.py
2026-09-14 22:35:37,681 - greencoderefactor - INFO - Selected transformers: ['UnusedAssignmentTransformer']
2026-09-14 22:35:37,681 - greencoderefactor - INFO - Reading file /home/carlos/Escritorio/BENEVOL/results/iteration13/repo/process_data.py for transformation.
2026-09-14 22:35:37,682 - greencoderefactor - INFO - Transformation log appended for /home/carlos/Escritorio/BENEVOL/results/iteration13/repo/process_data.py.
2026-09-14 22:35:37,682 - greencoderefactor - INFO - No transformations applied. Copied original file: /home/carlos/Escritorio/BENEVOL/results/iteration13/repo/process_data.py
2026-09-14 22:35:37,682 - greencoderefactor - INFO - Transforming file: /home/carlos/Escritorio/BENEVOL/results/iteration13/repo/test_data.py
2026-09-14 22:35:37,682 - greencoderefactor - INFO - Selected transformers: ['UnusedAssignmentTransformer']
2026-09-14 22:35:37,682 - greencoderefactor - INFO - Reading file /home/carlos/Escritorio/BENEVOL/results/iteration13/repo/test_data.py for transformation.
2026-09-14 22:35:37,682 - greencoderefactor - INFO - Transformation log appended for /home/carlos/Escritorio/BENEVOL/results/iteration13/repo/test_data.py.
2026-09-14 22:35:37,682 - greencoderefactor - INFO - No transformations applied. Copied original file: /home/carlos/Escritorio/BENEVOL/results/iteration13/repo/test_data.py
2026-09-14 22:35:37,682 - greencoderefactor - INFO - Transforming file: /home/carlos/Escritorio/BENEVOL/results/iteration13/repo/operations.py
2026-09-14 22:35:37,682 - greencoderefactor - INFO - Selected transformers: ['UnusedAssignmentTransformer']
2026-09-14 22:35:37,682 - greencoderefactor - INFO - Reading file /home/carlos/Escritorio/BENEVOL/results/iteration13/repo/operations.py for transformation.
2026-09-14 22:35:37,682 - greencoderefactor - INFO - Transformation log appended for /home/carlos/Escritorio/BENEVOL/results/iteration13/repo/operations.py.
2026-09-14 22:35:37,682 - greencoderefactor - INFO - No transformations applied. Copied original file: /home/carlos/Escritorio/BENEVOL/results/iteration13/repo/operations.py
2026-09-14 22:35:37,682 - greencoderefactor - INFO - No code changes detected
2026-09-14 22:35:37,682 - greencoderefactor - INFO - Refactor completed successfully. Output directory: /home/carlos/Escritorio/BENEVOL/results/iteration13/tmp_UnusedAssignmentTransformer
2026-09-14 22:35:37,715 - greencoderefactor - INFO - Starting refactor for directory: /home/carlos/Escritorio/BENEVOL/results/iteration14/repo
2026-09-14 22:35:37,715 - greencoderefactor - INFO - Using provided output directory: /home/carlos/Escritorio/BENEVOL/results/iteration14/tmp_ExplicitRaiseToExceptBodyTransformer
2026-09-14 22:35:37,715 - greencoderefactor - INFO - Transforming file: /home/carlos/Escritorio/BENEVOL/results/iteration14/repo/process_data.py
2026-09-14 22:35:37,715 - greencoderefactor - INFO - Selected transformers: ['ExplicitRaiseToExceptBodyTransformer']
2026-09-14 22:35:37,715 - greencoderefactor - INFO - Reading file /home/carlos/Escritorio/BENEVOL/results/iteration14/repo/process_data.py for transformation.
2026-09-14 22:35:37,717 - greencoderefactor - INFO - Transformation log appended for /home/carlos/Escritorio/BENEVOL/results/iteration14/repo/process_data.py.
2026-09-14 22:35:37,717 - greencoderefactor - INFO - No transformations applied. Copied original file: /home/carlos/Escritorio/BENEVOL/results/iteration14/repo/process_data.py
2026-09-14 22:35:37,717 - greencoderefactor - INFO - Transforming file: /home/carlos/Escritorio/BENEVOL/results/iteration14/repo/test_data.py
2026-09-14 22:35:37,717 - greencoderefactor - INFO - Selected transformers: ['ExplicitRaiseToExceptBodyTransformer']
2026-09-14 22:35:37,717 - greencoderefactor - INFO - Reading file /home/carlos/Escritorio/BENEVOL/results/iteration14/repo/test_data.py for transformation.
2026-09-14 22:35:37,717 - greencoderefactor - INFO - Transformation log appended for /home/carlos/Escritorio/BENEVOL/results/iteration14/repo/test_data.py.
2026-09-14 22:35:37,717 - greencoderefactor - INFO - No transformations applied. Copied original file: /home/carlos/Escritorio/BENEVOL/results/iteration14/repo/test_data.py
2026-09-14 22:35:37,717 - greencoderefactor - INFO - Transforming file: /home/carlos/Escritorio/BENEVOL/results/iteration14/repo/operations.py
2026-09-14 22:35:37,717 - greencoderefactor - INFO - Selected transformers: ['ExplicitRaiseToExceptBodyTransformer']
2026-09-14 22:35:37,717 - greencoderefactor - INFO - Reading file /home/carlos/Escritorio/BENEVOL/results/iteration14/repo/operations.py for transformation.
2026-09-14 22:35:37,718 - greencoderefactor - INFO - Transformation log appended for /home/carlos/Escritorio/BENEVOL/results/iteration14/repo/operations.py.
2026-09-14 22:35:37,718 - greencoderefactor - INFO - No transformations applied. Copied original file: /home/carlos/Escritorio/BENEVOL/results/iteration14/repo/operations.py
2026-09-14 22:35:37,718 - greencoderefactor - INFO - No code changes detected
2026-09-14 22:35:37,718 - greencoderefactor - INFO - Refactor completed successfully. Output directory: /home/carlos/Escritorio/BENEVOL/results/iteration14/tmp_ExplicitRaiseToExceptBodyTransformer
2026-09-14 22:35:37,752 - greencoderefactor - INFO - Starting refactor for directory: /home/carlos/Escritorio/BENEVOL/results/iteration14/repo
2026-09-14 22:35:37,752 - greencoderefactor - INFO - Using provided output directory: /home/carlos/Escritorio/BENEVOL/results/iteration14/tmp_UnusedLocalVariablesTransformer
2026-09-14 22:35:37,752 - greencoderefactor - INFO - Transforming file: /home/carlos/Escritorio/BENEVOL/results/iteration14/repo/process_data.py
2026-09-14 22:35:37,752 - greencoderefactor - INFO - Selected transformers: ['UnusedLocalVariablesTransformer']
2026-09-14 22:35:37,752 - greencoderefactor - INFO - Reading file /home/carlos/Escritorio/BENEVOL/results/iteration14/repo/process_data.py for transformation.
2026-09-14 22:35:37,753 - greencoderefactor - INFO - Transformation log appended for /home/carlos/Escritorio/BENEVOL/results/iteration14/repo/process_data.py.
2026-09-14 22:35:37,753 - greencoderefactor - INFO - No transformations applied. Copied original file: /home/carlos/Escritorio/BENEVOL/results/iteration14/repo/process_data.py
2026-09-14 22:35:37,753 - greencoderefactor - INFO - Transforming file: /home/carlos/Escritorio/BENEVOL/results/iteration14/repo/test_data.py
2026-09-14 22:35:37,753 - greencoderefactor - INFO - Selected transformers: ['UnusedLocalVariablesTransformer']
2026-09-14 22:35:37,753 - greencoderefactor - INFO - Reading file /home/carlos/Escritorio/BENEVOL/results/iteration14/repo/test_data.py for transformation.
2026-09-14 22:35:37,753 - greencoderefactor - INFO - Transformation log appended for /home/carlos/Escritorio/BENEVOL/results/iteration14/repo/test_data.py.
2026-09-14 22:35:37,753 - greencoderefactor - INFO - No transformations applied. Copied original file: /home/carlos/Escritorio/BENEVOL/results/iteration14/repo/test_data.py
2026-09-14 22:35:37,754 - greencoderefactor - INFO - Transforming file: /home/carlos/Escritorio/BENEVOL/results/iteration14/repo/operations.py
2026-09-14 22:35:37,754 - greencoderefactor - INFO - Selected transformers: ['UnusedLocalVariablesTransformer']
2026-09-14 22:35:37,754 - greencoderefactor - INFO - Reading file /home/carlos/Escritorio/BENEVOL/results/iteration14/repo/operations.py for transformation.
2026-09-14 22:35:37,754 - greencoderefactor - INFO - Transformation log appended for /home/carlos/Escritorio/BENEVOL/results/iteration14/repo/operations.py.
2026-09-14 22:35:37,754 - greencoderefactor - INFO - No transformations applied. Copied original file: /home/carlos/Escritorio/BENEVOL/results/iteration14/repo/operations.py
2026-09-14 22:35:37,754 - greencoderefactor - INFO - No code changes detected
2026-09-14 22:35:37,754 - greencoderefactor - INFO - Refactor completed successfully. Output directory: /home/carlos/Escritorio/BENEVOL/results/iteration14/tmp_UnusedLocalVariablesTransformer
2026-09-14 22:35:37,787 - greencoderefactor - INFO - Starting refactor for directory: /home/carlos/Escritorio/BENEVOL/results/iteration14/repo
2026-09-14 22:35:37,787 - greencoderefactor - INFO - Using provided output directory: /home/carlos/Escritorio/BENEVOL/results/iteration14/tmp_UnusedAssignmentTransformer
2026-09-14 22:35:37,787 - greencoderefactor - INFO - Transforming file: /home/carlos/Escritorio/BENEVOL/results/iteration14/repo/process_data.py
2026-09-14 22:35:37,787 - greencoderefactor - INFO - Selected transformers: ['UnusedAssignmentTransformer']
2026-09-14 22:35:37,787 - greencoderefactor - INFO - Reading file /home/carlos/Escritorio/BENEVOL/results/iteration14/repo/process_data.py for transformation.
2026-09-14 22:35:37,788 - greencoderefactor - INFO - Transformation log appended for /home/carlos/Escritorio/BENEVOL/results/iteration14/repo/process_data.py.
2026-09-14 22:35:37,789 - greencoderefactor - INFO - No transformations applied. Copied original file: /home/carlos/Escritorio/BENEVOL/results/iteration14/repo/process_data.py
2026-09-14 22:35:37,789 - greencoderefactor - INFO - Transforming file: /home/carlos/Escritorio/BENEVOL/results/iteration14/repo/test_data.py
2026-09-14 22:35:37,789 - greencoderefactor - INFO - Selected transformers: ['UnusedAssignmentTransformer']
2026-09-14 22:35:37,789 - greencoderefactor - INFO - Reading file /home/carlos/Escritorio/BENEVOL/results/iteration14/repo/test_data.py for transformation.
2026-09-14 22:35:37,789 - greencoderefactor - INFO - Transformation log appended for /home/carlos/Escritorio/BENEVOL/results/iteration14/repo/test_data.py.
2026-09-14 22:35:37,789 - greencoderefactor - INFO - No transformations applied. Copied original file: /home/carlos/Escritorio/BENEVOL/results/iteration14/repo/test_data.py
2026-09-14 22:35:37,789 - greencoderefactor - INFO - Transforming file: /home/carlos/Escritorio/BENEVOL/results/iteration14/repo/operations.py
2026-09-14 22:35:37,789 - greencoderefactor - INFO - Selected transformers: ['UnusedAssignmentTransformer']
2026-09-14 22:35:37,789 - greencoderefactor - INFO - Reading file /home/carlos/Escritorio/BENEVOL/results/iteration14/repo/operations.py for transformation.
2026-09-14 22:35:37,789 - greencoderefactor - INFO - Transformation log appended for /home/carlos/Escritorio/BENEVOL/results/iteration14/repo/operations.py.
2026-09-14 22:35:37,789 - greencoderefactor - INFO - No transformations applied. Copied original file: /home/carlos/Escritorio/BENEVOL/results/iteration14/repo/operations.py
2026-09-14 22:35:37,789 - greencoderefactor - INFO - No code changes detected
2026-09-14 22:35:37,789 - greencoderefactor - INFO - Refactor completed successfully. Output directory: /home/carlos/Escritorio/BENEVOL/results/iteration14/tmp_UnusedAssignmentTransformer
2026-09-14 22:35:37,824 - greencoderefactor - INFO - Starting refactor for directory: /home/carlos/Escritorio/BENEVOL/results/iteration15/repo
2026-09-14 22:35:37,824 - greencoderefactor - INFO - Using provided output directory: /home/carlos/Escritorio/BENEVOL/results/iteration15/tmp_ExplicitRaiseToExceptBodyTransformer
2026-09-14 22:35:37,824 - greencoderefactor - INFO - Transforming file: /home/carlos/Escritorio/BENEVOL/results/iteration15/repo/process_data.py
2026-09-14 22:35:37,824 - greencoderefactor - INFO - Selected transformers: ['ExplicitRaiseToExceptBodyTransformer']
2026-09-14 22:35:37,824 - greencoderefactor - INFO - Reading file /home/carlos/Escritorio/BENEVOL/results/iteration15/repo/process_data.py for transformation.
2026-09-14 22:35:37,825 - greencoderefactor - INFO - Transformation log appended for /home/carlos/Escritorio/BENEVOL/results/iteration15/repo/process_data.py.
2026-09-14 22:35:37,826 - greencoderefactor - INFO - No transformations applied. Copied original file: /home/carlos/Escritorio/BENEVOL/results/iteration15/repo/process_data.py
2026-09-14 22:35:37,826 - greencoderefactor - INFO - Transforming file: /home/carlos/Escritorio/BENEVOL/results/iteration15/repo/test_data.py
2026-09-14 22:35:37,826 - greencoderefactor - INFO - Selected transformers: ['ExplicitRaiseToExceptBodyTransformer']
2026-09-14 22:35:37,826 - greencoderefactor - INFO - Reading file /home/carlos/Escritorio/BENEVOL/results/iteration15/repo/test_data.py for transformation.
2026-09-14 22:35:37,826 - greencoderefactor - INFO - Transformation log appended for /home/carlos/Escritorio/BENEVOL/results/iteration15/repo/test_data.py.
2026-09-14 22:35:37,826 - greencoderefactor - INFO - No transformations applied. Copied original file: /home/carlos/Escritorio/BENEVOL/results/iteration15/repo/test_data.py
2026-09-14 22:35:37,826 - greencoderefactor - INFO - Transforming file: /home/carlos/Escritorio/BENEVOL/results/iteration15/repo/operations.py
2026-09-14 22:35:37,826 - greencoderefactor - INFO - Selected transformers: ['ExplicitRaiseToExceptBodyTransformer']
2026-09-14 22:35:37,826 - greencoderefactor - INFO - Reading file /home/carlos/Escritorio/BENEVOL/results/iteration15/repo/operations.py for transformation.
2026-09-14 22:35:37,826 - greencoderefactor - INFO - Transformation log appended for /home/carlos/Escritorio/BENEVOL/results/iteration15/repo/operations.py.
2026-09-14 22:35:37,826 - greencoderefactor - INFO - No transformations applied. Copied original file: /home/carlos/Escritorio/BENEVOL/results/iteration15/repo/operations.py
2026-09-14 22:35:37,826 - greencoderefactor - INFO - No code changes detected
2026-09-14 22:35:37,826 - greencoderefactor - INFO - Refactor completed successfully. Output directory: /home/carlos/Escritorio/BENEVOL/results/iteration15/tmp_ExplicitRaiseToExceptBodyTransformer
2026-09-14 22:35:37,858 - greencoderefactor - INFO - Starting refactor for directory: /home/carlos/Escritorio/BENEVOL/results/iteration15/repo
2026-09-14 22:35:37,858 - greencoderefactor - INFO - Using provided output directory: /home/carlos/Escritorio/BENEVOL/results/iteration15/tmp_UnusedLocalVariablesTransformer
2026-09-14 22:35:37,858 - greencoderefactor - INFO - Transforming file: /home/carlos/Escritorio/BENEVOL/results/iteration15/repo/process_data.py
2026-09-14 22:35:37,858 - greencoderefactor - INFO - Selected transformers: ['UnusedLocalVariablesTransformer']
2026-09-14 22:35:37,858 - greencoderefactor - INFO - Reading file /home/carlos/Escritorio/BENEVOL/results/iteration15/repo/process_data.py for transformation.
2026-09-14 22:35:37,859 - greencoderefactor - INFO - Transformation log appended for /home/carlos/Escritorio/BENEVOL/results/iteration15/repo/process_data.py.
2026-09-14 22:35:37,860 - greencoderefactor - INFO - No transformations applied. Copied original file: /home/carlos/Escritorio/BENEVOL/results/iteration15/repo/process_data.py
2026-09-14 22:35:37,860 - greencoderefactor - INFO - Transforming file: /home/carlos/Escritorio/BENEVOL/results/iteration15/repo/test_data.py
2026-09-14 22:35:37,860 - greencoderefactor - INFO - Selected transformers: ['UnusedLocalVariablesTransformer']
2026-09-14 22:35:37,860 - greencoderefactor - INFO - Reading file /home/carlos/Escritorio/BENEVOL/results/iteration15/repo/test_data.py for transformation.
2026-09-14 22:35:37,860 - greencoderefactor - INFO - Transformation log appended for /home/carlos/Escritorio/BENEVOL/results/iteration15/repo/test_data.py.
2026-09-14 22:35:37,860 - greencoderefactor - INFO - No transformations applied. Copied original file: /home/carlos/Escritorio/BENEVOL/results/iteration15/repo/test_data.py
2026-09-14 22:35:37,860 - greencoderefactor - INFO - Transforming file: /home/carlos/Escritorio/BENEVOL/results/iteration15/repo/operations.py
2026-09-14 22:35:37,860 - greencoderefactor - INFO - Selected transformers: ['UnusedLocalVariablesTransformer']
2026-09-14 22:35:37,860 - greencoderefactor - INFO - Reading file /home/carlos/Escritorio/BENEVOL/results/iteration15/repo/operations.py for transformation.
2026-09-14 22:35:37,860 - greencoderefactor - INFO - Transformation log appended for /home/carlos/Escritorio/BENEVOL/results/iteration15/repo/operations.py.
2026-09-14 22:35:37,860 - greencoderefactor - INFO - No transformations applied. Copied original file: /home/carlos/Escritorio/BENEVOL/results/iteration15/repo/operations.py
2026-09-14 22:35:37,860 - greencoderefactor - INFO - No code changes detected
2026-09-14 22:35:37,860 - greencoderefactor - INFO - Refactor completed successfully. Output directory: /home/carlos/Escritorio/BENEVOL/results/iteration15/tmp_UnusedLocalVariablesTransformer
2026-09-14 22:35:37,892 - greencoderefactor - INFO - Starting refactor for directory: /home/carlos/Escritorio/BENEVOL/results/iteration15/repo
2026-09-14 22:35:37,892 - greencoderefactor - INFO - Using provided output directory: /home/carlos/Escritorio/BENEVOL/results/iteration15/tmp_UnusedAssignmentTransformer
2026-09-14 22:35:37,892 - greencoderefactor - INFO - Transforming file: /home/carlos/Escritorio/BENEVOL/results/iteration15/repo/process_data.py
2026-09-14 22:35:37,892 - greencoderefactor - INFO - Selected transformers: ['UnusedAssignmentTransformer']
2026-09-14 22:35:37,892 - greencoderefactor - INFO - Reading file /home/carlos/Escritorio/BENEVOL/results/iteration15/repo/process_data.py for transformation.
2026-09-14 22:35:37,893 - greencoderefactor - INFO - Transformation log appended for /home/carlos/Escritorio/BENEVOL/results/iteration15/repo/process_data.py.
2026-09-14 22:35:37,893 - greencoderefactor - INFO - No transformations applied. Copied original file: /home/carlos/Escritorio/BENEVOL/results/iteration15/repo/process_data.py
2026-09-14 22:35:37,893 - greencoderefactor - INFO - Transforming file: /home/carlos/Escritorio/BENEVOL/results/iteration15/repo/test_data.py
2026-09-14 22:35:37,893 - greencoderefactor - INFO - Selected transformers: ['UnusedAssignmentTransformer']
2026-09-14 22:35:37,893 - greencoderefactor - INFO - Reading file /home/carlos/Escritorio/BENEVOL/results/iteration15/repo/test_data.py for transformation.
2026-09-14 22:35:37,894 - greencoderefactor - INFO - Transformation log appended for /home/carlos/Escritorio/BENEVOL/results/iteration15/repo/test_data.py.
2026-09-14 22:35:37,894 - greencoderefactor - INFO - No transformations applied. Copied original file: /home/carlos/Escritorio/BENEVOL/results/iteration15/repo/test_data.py
2026-09-14 22:35:37,894 - greencoderefactor - INFO - Transforming file: /home/carlos/Escritorio/BENEVOL/results/iteration15/repo/operations.py
2026-09-14 22:35:37,894 - greencoderefactor - INFO - Selected transformers: ['UnusedAssignmentTransformer']
2026-09-14 22:35:37,894 - greencoderefactor - INFO - Reading file /home/carlos/Escritorio/BENEVOL/results/iteration15/repo/operations.py for transformation.
2026-09-14 22:35:37,894 - greencoderefactor - INFO - Transformation log appended for /home/carlos/Escritorio/BENEVOL/results/iteration15/repo/operations.py.
2026-09-14 22:35:37,894 - greencoderefactor - INFO - No transformations applied. Copied original file: /home/carlos/Escritorio/BENEVOL/results/iteration15/repo/operations.py
2026-09-14 22:35:37,894 - greencoderefactor - INFO - No code changes detected
2026-09-14 22:35:37,894 - greencoderefactor - INFO - Refactor completed successfully. Output directory: /home/carlos/Escritorio/BENEVOL/results/iteration15/tmp_UnusedAssignmentTransformer
2026-09-14 22:35:37,936 - greencoderefactor - INFO - Starting refactor for directory: /home/carlos/Escritorio/BENEVOL/results/iteration16/repo
2026-09-14 22:35:37,936 - greencoderefactor - INFO - Using provided output directory: /home/carlos/Escritorio/BENEVOL/results/iteration16/tmp_ExplicitRaiseToExceptBodyTransformer
2026-09-14 22:35:37,936 - greencoderefactor - INFO - Transforming file: /home/carlos/Escritorio/BENEVOL/results/iteration16/repo/process_data.py
2026-09-14 22:35:37,936 - greencoderefactor - INFO - Selected transformers: ['ExplicitRaiseToExceptBodyTransformer']
2026-09-14 22:35:37,936 - greencoderefactor - INFO - Reading file /home/carlos/Escritorio/BENEVOL/results/iteration16/repo/process_data.py for transformation.
2026-09-14 22:35:37,937 - greencoderefactor - INFO - Transformation log appended for /home/carlos/Escritorio/BENEVOL/results/iteration16/repo/process_data.py.
2026-09-14 22:35:37,937 - greencoderefactor - INFO - No transformations applied. Copied original file: /home/carlos/Escritorio/BENEVOL/results/iteration16/repo/process_data.py
2026-09-14 22:35:37,937 - greencoderefactor - INFO - Transforming file: /home/carlos/Escritorio/BENEVOL/results/iteration16/repo/test_data.py
2026-09-14 22:35:37,937 - greencoderefactor - INFO - Selected transformers: ['ExplicitRaiseToExceptBodyTransformer']
2026-09-14 22:35:37,937 - greencoderefactor - INFO - Reading file /home/carlos/Escritorio/BENEVOL/results/iteration16/repo/test_data.py for transformation.
2026-09-14 22:35:37,938 - greencoderefactor - INFO - Transformation log appended for /home/carlos/Escritorio/BENEVOL/results/iteration16/repo/test_data.py.
2026-09-14 22:35:37,938 - greencoderefactor - INFO - No transformations applied. Copied original file: /home/carlos/Escritorio/BENEVOL/results/iteration16/repo/test_data.py
2026-09-14 22:35:37,938 - greencoderefactor - INFO - Transforming file: /home/carlos/Escritorio/BENEVOL/results/iteration16/repo/operations.py
2026-09-14 22:35:37,938 - greencoderefactor - INFO - Selected transformers: ['ExplicitRaiseToExceptBodyTransformer']
2026-09-14 22:35:37,938 - greencoderefactor - INFO - Reading file /home/carlos/Escritorio/BENEVOL/results/iteration16/repo/operations.py for transformation.
2026-09-14 22:35:37,938 - greencoderefactor - INFO - Transformation log appended for /home/carlos/Escritorio/BENEVOL/results/iteration16/repo/operations.py.
2026-09-14 22:35:37,938 - greencoderefactor - INFO - No transformations applied. Copied original file: /home/carlos/Escritorio/BENEVOL/results/iteration16/repo/operations.py
2026-09-14 22:35:37,938 - greencoderefactor - INFO - No code changes detected
2026-09-14 22:35:37,938 - greencoderefactor - INFO - Refactor completed successfully. Output directory: /home/carlos/Escritorio/BENEVOL/results/iteration16/tmp_ExplicitRaiseToExceptBodyTransformer
2026-09-14 22:35:37,972 - greencoderefactor - INFO - Starting refactor for directory: /home/carlos/Escritorio/BENEVOL/results/iteration16/repo
2026-09-14 22:35:37,972 - greencoderefactor - INFO - Using provided output directory: /home/carlos/Escritorio/BENEVOL/results/iteration16/tmp_UnusedLocalVariablesTransformer
2026-09-14 22:35:37,972 - greencoderefactor - INFO - Transforming file: /home/carlos/Escritorio/BENEVOL/results/iteration16/repo/process_data.py
2026-09-14 22:35:37,972 - greencoderefactor - INFO - Selected transformers: ['UnusedLocalVariablesTransformer']
2026-09-14 22:35:37,972 - greencoderefactor - INFO - Reading file /home/carlos/Escritorio/BENEVOL/results/iteration16/repo/process_data.py for transformation.
2026-09-14 22:35:37,973 - greencoderefactor - INFO - Transformation log appended for /home/carlos/Escritorio/BENEVOL/results/iteration16/repo/process_data.py.
2026-09-14 22:35:37,973 - greencoderefactor - INFO - No transformations applied. Copied original file: /home/carlos/Escritorio/BENEVOL/results/iteration16/repo/process_data.py
2026-09-14 22:35:37,973 - greencoderefactor - INFO - Transforming file: /home/carlos/Escritorio/BENEVOL/results/iteration16/repo/test_data.py
2026-09-14 22:35:37,973 - greencoderefactor - INFO - Selected transformers: ['UnusedLocalVariablesTransformer']
2026-09-14 22:35:37,973 - greencoderefactor - INFO - Reading file /home/carlos/Escritorio/BENEVOL/results/iteration16/repo/test_data.py for transformation.
2026-09-14 22:35:37,974 - greencoderefactor - INFO - Transformation log appended for /home/carlos/Escritorio/BENEVOL/results/iteration16/repo/test_data.py.
2026-09-14 22:35:37,974 - greencoderefactor - INFO - No transformations applied. Copied original file: /home/carlos/Escritorio/BENEVOL/results/iteration16/repo/test_data.py
2026-09-14 22:35:37,974 - greencoderefactor - INFO - Transforming file: /home/carlos/Escritorio/BENEVOL/results/iteration16/repo/operations.py
2026-09-14 22:35:37,974 - greencoderefactor - INFO - Selected transformers: ['UnusedLocalVariablesTransformer']
2026-09-14 22:35:37,974 - greencoderefactor - INFO - Reading file /home/carlos/Escritorio/BENEVOL/results/iteration16/repo/operations.py for transformation.
2026-09-14 22:35:37,974 - greencoderefactor - INFO - Transformation log appended for /home/carlos/Escritorio/BENEVOL/results/iteration16/repo/operations.py.
2026-09-14 22:35:37,974 - greencoderefactor - INFO - No transformations applied. Copied original file: /home/carlos/Escritorio/BENEVOL/results/iteration16/repo/operations.py
2026-09-14 22:35:37,974 - greencoderefactor - INFO - No code changes detected
2026-09-14 22:35:37,974 - greencoderefactor - INFO - Refactor completed successfully. Output directory: /home/carlos/Escritorio/BENEVOL/results/iteration16/tmp_UnusedLocalVariablesTransformer
2026-09-14 22:35:38,008 - greencoderefactor - INFO - Starting refactor for directory: /home/carlos/Escritorio/BENEVOL/results/iteration16/repo
2026-09-14 22:35:38,008 - greencoderefactor - INFO - Using provided output directory: /home/carlos/Escritorio/BENEVOL/results/iteration16/tmp_UnusedAssignmentTransformer
2026-09-14 22:35:38,008 - greencoderefactor - INFO - Transforming file: /home/carlos/Escritorio/BENEVOL/results/iteration16/repo/process_data.py
2026-09-14 22:35:38,008 - greencoderefactor - INFO - Selected transformers: ['UnusedAssignmentTransformer']
2026-09-14 22:35:38,008 - greencoderefactor - INFO - Reading file /home/carlos/Escritorio/BENEVOL/results/iteration16/repo/process_data.py for transformation.
2026-09-14 22:35:38,009 - greencoderefactor - INFO - Transformation log appended for /home/carlos/Escritorio/BENEVOL/results/iteration16/repo/process_data.py.
2026-09-14 22:35:38,009 - greencoderefactor - INFO - No transformations applied. Copied original file: /home/carlos/Escritorio/BENEVOL/results/iteration16/repo/process_data.py
2026-09-14 22:35:38,009 - greencoderefactor - INFO - Transforming file: /home/carlos/Escritorio/BENEVOL/results/iteration16/repo/test_data.py
2026-09-14 22:35:38,009 - greencoderefactor - INFO - Selected transformers: ['UnusedAssignmentTransformer']
2026-09-14 22:35:38,009 - greencoderefactor - INFO - Reading file /home/carlos/Escritorio/BENEVOL/results/iteration16/repo/test_data.py for transformation.
2026-09-14 22:35:38,010 - greencoderefactor - INFO - Transformation log appended for /home/carlos/Escritorio/BENEVOL/results/iteration16/repo/test_data.py.
2026-09-14 22:35:38,010 - greencoderefactor - INFO - No transformations applied. Copied original file: /home/carlos/Escritorio/BENEVOL/results/iteration16/repo/test_data.py
2026-09-14 22:35:38,010 - greencoderefactor - INFO - Transforming file: /home/carlos/Escritorio/BENEVOL/results/iteration16/repo/operations.py
2026-09-14 22:35:38,010 - greencoderefactor - INFO - Selected transformers: ['UnusedAssignmentTransformer']
2026-09-14 22:35:38,010 - greencoderefactor - INFO - Reading file /home/carlos/Escritorio/BENEVOL/results/iteration16/repo/operations.py for transformation.
2026-09-14 22:35:38,010 - greencoderefactor - INFO - Transformation log appended for /home/carlos/Escritorio/BENEVOL/results/iteration16/repo/operations.py.
2026-09-14 22:35:38,010 - greencoderefactor - INFO - No transformations applied. Copied original file: /home/carlos/Escritorio/BENEVOL/results/iteration16/repo/operations.py
2026-09-14 22:35:38,010 - greencoderefactor - INFO - No code changes detected
2026-09-14 22:35:38,010 - greencoderefactor - INFO - Refactor completed successfully. Output directory: /home/carlos/Escritorio/BENEVOL/results/iteration16/tmp_UnusedAssignmentTransformer
2026-09-14 22:35:38,042 - greencoderefactor - INFO - Starting refactor for directory: /home/carlos/Escritorio/BENEVOL/results/iteration17/repo
2026-09-14 22:35:38,043 - greencoderefactor - INFO - Using provided output directory: /home/carlos/Escritorio/BENEVOL/results/iteration17/tmp_ExplicitRaiseToExceptBodyTransformer
2026-09-14 22:35:38,043 - greencoderefactor - INFO - Transforming file: /home/carlos/Escritorio/BENEVOL/results/iteration17/repo/process_data.py
2026-09-14 22:35:38,043 - greencoderefactor - INFO - Selected transformers: ['ExplicitRaiseToExceptBodyTransformer']
2026-09-14 22:35:38,043 - greencoderefactor - INFO - Reading file /home/carlos/Escritorio/BENEVOL/results/iteration17/repo/process_data.py for transformation.
2026-09-14 22:35:38,044 - greencoderefactor - INFO - Transformation log appended for /home/carlos/Escritorio/BENEVOL/results/iteration17/repo/process_data.py.
2026-09-14 22:35:38,044 - greencoderefactor - INFO - No transformations applied. Copied original file: /home/carlos/Escritorio/BENEVOL/results/iteration17/repo/process_data.py
2026-09-14 22:35:38,044 - greencoderefactor - INFO - Transforming file: /home/carlos/Escritorio/BENEVOL/results/iteration17/repo/test_data.py
2026-09-14 22:35:38,044 - greencoderefactor - INFO - Selected transformers: ['ExplicitRaiseToExceptBodyTransformer']
2026-09-14 22:35:38,044 - greencoderefactor - INFO - Reading file /home/carlos/Escritorio/BENEVOL/results/iteration17/repo/test_data.py for transformation.
2026-09-14 22:35:38,044 - greencoderefactor - INFO - Transformation log appended for /home/carlos/Escritorio/BENEVOL/results/iteration17/repo/test_data.py.
2026-09-14 22:35:38,044 - greencoderefactor - INFO - No transformations applied. Copied original file: /home/carlos/Escritorio/BENEVOL/results/iteration17/repo/test_data.py
2026-09-14 22:35:38,044 - greencoderefactor - INFO - Transforming file: /home/carlos/Escritorio/BENEVOL/results/iteration17/repo/operations.py
2026-09-14 22:35:38,044 - greencoderefactor - INFO - Selected transformers: ['ExplicitRaiseToExceptBodyTransformer']
2026-09-14 22:35:38,044 - greencoderefactor - INFO - Reading file /home/carlos/Escritorio/BENEVOL/results/iteration17/repo/operations.py for transformation.
2026-09-14 22:35:38,045 - greencoderefactor - INFO - Transformation log appended for /home/carlos/Escritorio/BENEVOL/results/iteration17/repo/operations.py.
2026-09-14 22:35:38,045 - greencoderefactor - INFO - No transformations applied. Copied original file: /home/carlos/Escritorio/BENEVOL/results/iteration17/repo/operations.py
2026-09-14 22:35:38,045 - greencoderefactor - INFO - No code changes detected
2026-09-14 22:35:38,045 - greencoderefactor - INFO - Refactor completed successfully. Output directory: /home/carlos/Escritorio/BENEVOL/results/iteration17/tmp_ExplicitRaiseToExceptBodyTransformer
2026-09-14 22:35:38,085 - greencoderefactor - INFO - Starting refactor for directory: /home/carlos/Escritorio/BENEVOL/results/iteration17/repo
2026-09-14 22:35:38,085 - greencoderefactor - INFO - Using provided output directory: /home/carlos/Escritorio/BENEVOL/results/iteration17/tmp_UnusedLocalVariablesTransformer
2026-09-14 22:35:38,085 - greencoderefactor - INFO - Transforming file: /home/carlos/Escritorio/BENEVOL/results/iteration17/repo/process_data.py
2026-09-14 22:35:38,085 - greencoderefactor - INFO - Selected transformers: ['UnusedLocalVariablesTransformer']
2026-09-14 22:35:38,085 - greencoderefactor - INFO - Reading file /home/carlos/Escritorio/BENEVOL/results/iteration17/repo/process_data.py for transformation.
2026-09-14 22:35:38,086 - greencoderefactor - INFO - Transformation log appended for /home/carlos/Escritorio/BENEVOL/results/iteration17/repo/process_data.py.
2026-09-14 22:35:38,086 - greencoderefactor - INFO - No transformations applied. Copied original file: /home/carlos/Escritorio/BENEVOL/results/iteration17/repo/process_data.py
2026-09-14 22:35:38,086 - greencoderefactor - INFO - Transforming file: /home/carlos/Escritorio/BENEVOL/results/iteration17/repo/test_data.py
2026-09-14 22:35:38,086 - greencoderefactor - INFO - Selected transformers: ['UnusedLocalVariablesTransformer']
2026-09-14 22:35:38,086 - greencoderefactor - INFO - Reading file /home/carlos/Escritorio/BENEVOL/results/iteration17/repo/test_data.py for transformation.
2026-09-14 22:35:38,086 - greencoderefactor - INFO - Transformation log appended for /home/carlos/Escritorio/BENEVOL/results/iteration17/repo/test_data.py.
2026-09-14 22:35:38,086 - greencoderefactor - INFO - No transformations applied. Copied original file: /home/carlos/Escritorio/BENEVOL/results/iteration17/repo/test_data.py
2026-09-14 22:35:38,086 - greencoderefactor - INFO - Transforming file: /home/carlos/Escritorio/BENEVOL/results/iteration17/repo/operations.py
2026-09-14 22:35:38,087 - greencoderefactor - INFO - Selected transformers: ['UnusedLocalVariablesTransformer']
2026-09-14 22:35:38,087 - greencoderefactor - INFO - Reading file /home/carlos/Escritorio/BENEVOL/results/iteration17/repo/operations.py for transformation.
2026-09-14 22:35:38,087 - greencoderefactor - INFO - Transformation log appended for /home/carlos/Escritorio/BENEVOL/results/iteration17/repo/operations.py.
2026-09-14 22:35:38,087 - greencoderefactor - INFO - No transformations applied. Copied original file: /home/carlos/Escritorio/BENEVOL/results/iteration17/repo/operations.py
2026-09-14 22:35:38,087 - greencoderefactor - INFO - No code changes detected
2026-09-14 22:35:38,087 - greencoderefactor - INFO - Refactor completed successfully. Output directory: /home/carlos/Escritorio/BENEVOL/results/iteration17/tmp_UnusedLocalVariablesTransformer
2026-09-14 22:35:38,127 - greencoderefactor - INFO - Starting refactor for directory: /home/carlos/Escritorio/BENEVOL/results/iteration17/repo
2026-09-14 22:35:38,127 - greencoderefactor - INFO - Using provided output directory: /home/carlos/Escritorio/BENEVOL/results/iteration17/tmp_UnusedAssignmentTransformer
2026-09-14 22:35:38,127 - greencoderefactor - INFO - Transforming file: /home/carlos/Escritorio/BENEVOL/results/iteration17/repo/process_data.py
2026-09-14 22:35:38,127 - greencoderefactor - INFO - Selected transformers: ['UnusedAssignmentTransformer']
2026-09-14 22:35:38,127 - greencoderefactor - INFO - Reading file /home/carlos/Escritorio/BENEVOL/results/iteration17/repo/process_data.py for transformation.
2026-09-14 22:35:38,128 - greencoderefactor - INFO - Transformation log appended for /home/carlos/Escritorio/BENEVOL/results/iteration17/repo/process_data.py.
2026-09-14 22:35:38,128 - greencoderefactor - INFO - No transformations applied. Copied original file: /home/carlos/Escritorio/BENEVOL/results/iteration17/repo/process_data.py
2026-09-14 22:35:38,128 - greencoderefactor - INFO - Transforming file: /home/carlos/Escritorio/BENEVOL/results/iteration17/repo/test_data.py
2026-09-14 22:35:38,128 - greencoderefactor - INFO - Selected transformers: ['UnusedAssignmentTransformer']
2026-09-14 22:35:38,128 - greencoderefactor - INFO - Reading file /home/carlos/Escritorio/BENEVOL/results/iteration17/repo/test_data.py for transformation.
2026-09-14 22:35:38,129 - greencoderefactor - INFO - Transformation log appended for /home/carlos/Escritorio/BENEVOL/results/iteration17/repo/test_data.py.
2026-09-14 22:35:38,129 - greencoderefactor - INFO - No transformations applied. Copied original file: /home/carlos/Escritorio/BENEVOL/results/iteration17/repo/test_data.py
2026-09-14 22:35:38,129 - greencoderefactor - INFO - Transforming file: /home/carlos/Escritorio/BENEVOL/results/iteration17/repo/operations.py
2026-09-14 22:35:38,129 - greencoderefactor - INFO - Selected transformers: ['UnusedAssignmentTransformer']
2026-09-14 22:35:38,129 - greencoderefactor - INFO - Reading file /home/carlos/Escritorio/BENEVOL/results/iteration17/repo/operations.py for transformation.
2026-09-14 22:35:38,129 - greencoderefactor - INFO - Transformation log appended for /home/carlos/Escritorio/BENEVOL/results/iteration17/repo/operations.py.
2026-09-14 22:35:38,129 - greencoderefactor - INFO - No transformations applied. Copied original file: /home/carlos/Escritorio/BENEVOL/results/iteration17/repo/operations.py
2026-09-14 22:35:38,129 - greencoderefactor - INFO - No code changes detected
2026-09-14 22:35:38,129 - greencoderefactor - INFO - Refactor completed successfully. Output directory: /home/carlos/Escritorio/BENEVOL/results/iteration17/tmp_UnusedAssignmentTransformer
2026-09-14 22:35:38,162 - greencoderefactor - INFO - Starting refactor for directory: /home/carlos/Escritorio/BENEVOL/results/iteration18/repo
2026-09-14 22:35:38,162 - greencoderefactor - INFO - Using provided output directory: /home/carlos/Escritorio/BENEVOL/results/iteration18/tmp_ExplicitRaiseToExceptBodyTransformer
2026-09-14 22:35:38,163 - greencoderefactor - INFO - Transforming file: /home/carlos/Escritorio/BENEVOL/results/iteration18/repo/process_data.py
2026-09-14 22:35:38,163 - greencoderefactor - INFO - Selected transformers: ['ExplicitRaiseToExceptBodyTransformer']
2026-09-14 22:35:38,163 - greencoderefactor - INFO - Reading file /home/carlos/Escritorio/BENEVOL/results/iteration18/repo/process_data.py for transformation.
2026-09-14 22:35:38,164 - greencoderefactor - INFO - Transformation log appended for /home/carlos/Escritorio/BENEVOL/results/iteration18/repo/process_data.py.
2026-09-14 22:35:38,164 - greencoderefactor - INFO - No transformations applied. Copied original file: /home/carlos/Escritorio/BENEVOL/results/iteration18/repo/process_data.py
2026-09-14 22:35:38,164 - greencoderefactor - INFO - Transforming file: /home/carlos/Escritorio/BENEVOL/results/iteration18/repo/test_data.py
2026-09-14 22:35:38,164 - greencoderefactor - INFO - Selected transformers: ['ExplicitRaiseToExceptBodyTransformer']
2026-09-14 22:35:38,164 - greencoderefactor - INFO - Reading file /home/carlos/Escritorio/BENEVOL/results/iteration18/repo/test_data.py for transformation.
2026-09-14 22:35:38,164 - greencoderefactor - INFO - Transformation log appended for /home/carlos/Escritorio/BENEVOL/results/iteration18/repo/test_data.py.
2026-09-14 22:35:38,164 - greencoderefactor - INFO - No transformations applied. Copied original file: /home/carlos/Escritorio/BENEVOL/results/iteration18/repo/test_data.py
2026-09-14 22:35:38,164 - greencoderefactor - INFO - Transforming file: /home/carlos/Escritorio/BENEVOL/results/iteration18/repo/operations.py
2026-09-14 22:35:38,164 - greencoderefactor - INFO - Selected transformers: ['ExplicitRaiseToExceptBodyTransformer']
2026-09-14 22:35:38,164 - greencoderefactor - INFO - Reading file /home/carlos/Escritorio/BENEVOL/results/iteration18/repo/operations.py for transformation.
2026-09-14 22:35:38,165 - greencoderefactor - INFO - Transformation log appended for /home/carlos/Escritorio/BENEVOL/results/iteration18/repo/operations.py.
2026-09-14 22:35:38,165 - greencoderefactor - INFO - No transformations applied. Copied original file: /home/carlos/Escritorio/BENEVOL/results/iteration18/repo/operations.py
2026-09-14 22:35:38,165 - greencoderefactor - INFO - No code changes detected
2026-09-14 22:35:38,165 - greencoderefactor - INFO - Refactor completed successfully. Output directory: /home/carlos/Escritorio/BENEVOL/results/iteration18/tmp_ExplicitRaiseToExceptBodyTransformer
2026-09-14 22:35:38,199 - greencoderefactor - INFO - Starting refactor for directory: /home/carlos/Escritorio/BENEVOL/results/iteration18/repo
2026-09-14 22:35:38,199 - greencoderefactor - INFO - Using provided output directory: /home/carlos/Escritorio/BENEVOL/results/iteration18/tmp_UnusedLocalVariablesTransformer
2026-09-14 22:35:38,199 - greencoderefactor - INFO - Transforming file: /home/carlos/Escritorio/BENEVOL/results/iteration18/repo/process_data.py
2026-09-14 22:35:38,199 - greencoderefactor - INFO - Selected transformers: ['UnusedLocalVariablesTransformer']
2026-09-14 22:35:38,199 - greencoderefactor - INFO - Reading file /home/carlos/Escritorio/BENEVOL/results/iteration18/repo/process_data.py for transformation.
2026-09-14 22:35:38,200 - greencoderefactor - INFO - Transformation log appended for /home/carlos/Escritorio/BENEVOL/results/iteration18/repo/process_data.py.
2026-09-14 22:35:38,200 - greencoderefactor - INFO - No transformations applied. Copied original file: /home/carlos/Escritorio/BENEVOL/results/iteration18/repo/process_data.py
2026-09-14 22:35:38,200 - greencoderefactor - INFO - Transforming file: /home/carlos/Escritorio/BENEVOL/results/iteration18/repo/test_data.py
2026-09-14 22:35:38,200 - greencoderefactor - INFO - Selected transformers: ['UnusedLocalVariablesTransformer']
2026-09-14 22:35:38,200 - greencoderefactor - INFO - Reading file /home/carlos/Escritorio/BENEVOL/results/iteration18/repo/test_data.py for transformation.
2026-09-14 22:35:38,201 - greencoderefactor - INFO - Transformation log appended for /home/carlos/Escritorio/BENEVOL/results/iteration18/repo/test_data.py.
2026-09-14 22:35:38,201 - greencoderefactor - INFO - No transformations applied. Copied original file: /home/carlos/Escritorio/BENEVOL/results/iteration18/repo/test_data.py
2026-09-14 22:35:38,201 - greencoderefactor - INFO - Transforming file: /home/carlos/Escritorio/BENEVOL/results/iteration18/repo/operations.py
2026-09-14 22:35:38,201 - greencoderefactor - INFO - Selected transformers: ['UnusedLocalVariablesTransformer']
2026-09-14 22:35:38,201 - greencoderefactor - INFO - Reading file /home/carlos/Escritorio/BENEVOL/results/iteration18/repo/operations.py for transformation.
2026-09-14 22:35:38,201 - greencoderefactor - INFO - Transformation log appended for /home/carlos/Escritorio/BENEVOL/results/iteration18/repo/operations.py.
2026-09-14 22:35:38,201 - greencoderefactor - INFO - No transformations applied. Copied original file: /home/carlos/Escritorio/BENEVOL/results/iteration18/repo/operations.py
2026-09-14 22:35:38,201 - greencoderefactor - INFO - No code changes detected
2026-09-14 22:35:38,201 - greencoderefactor - INFO - Refactor completed successfully. Output directory: /home/carlos/Escritorio/BENEVOL/results/iteration18/tmp_UnusedLocalVariablesTransformer
2026-09-14 22:35:38,234 - greencoderefactor - INFO - Starting refactor for directory: /home/carlos/Escritorio/BENEVOL/results/iteration18/repo
2026-09-14 22:35:38,234 - greencoderefactor - INFO - Using provided output directory: /home/carlos/Escritorio/BENEVOL/results/iteration18/tmp_UnusedAssignmentTransformer
2026-09-14 22:35:38,234 - greencoderefactor - INFO - Transforming file: /home/carlos/Escritorio/BENEVOL/results/iteration18/repo/process_data.py
2026-09-14 22:35:38,234 - greencoderefactor - INFO - Selected transformers: ['UnusedAssignmentTransformer']
2026-09-14 22:35:38,234 - greencoderefactor - INFO - Reading file /home/carlos/Escritorio/BENEVOL/results/iteration18/repo/process_data.py for transformation.
2026-09-14 22:35:38,235 - greencoderefactor - INFO - Transformation log appended for /home/carlos/Escritorio/BENEVOL/results/iteration18/repo/process_data.py.
2026-09-14 22:35:38,235 - greencoderefactor - INFO - No transformations applied. Copied original file: /home/carlos/Escritorio/BENEVOL/results/iteration18/repo/process_data.py
2026-09-14 22:35:38,235 - greencoderefactor - INFO - Transforming file: /home/carlos/Escritorio/BENEVOL/results/iteration18/repo/test_data.py
2026-09-14 22:35:38,235 - greencoderefactor - INFO - Selected transformers: ['UnusedAssignmentTransformer']
2026-09-14 22:35:38,235 - greencoderefactor - INFO - Reading file /home/carlos/Escritorio/BENEVOL/results/iteration18/repo/test_data.py for transformation.
2026-09-14 22:35:38,235 - greencoderefactor - INFO - Transformation log appended for /home/carlos/Escritorio/BENEVOL/results/iteration18/repo/test_data.py.
2026-09-14 22:35:38,235 - greencoderefactor - INFO - No transformations applied. Copied original file: /home/carlos/Escritorio/BENEVOL/results/iteration18/repo/test_data.py
2026-09-14 22:35:38,235 - greencoderefactor - INFO - Transforming file: /home/carlos/Escritorio/BENEVOL/results/iteration18/repo/operations.py
2026-09-14 22:35:38,235 - greencoderefactor - INFO - Selected transformers: ['UnusedAssignmentTransformer']
2026-09-14 22:35:38,236 - greencoderefactor - INFO - Reading file /home/carlos/Escritorio/BENEVOL/results/iteration18/repo/operations.py for transformation.
2026-09-14 22:35:38,236 - greencoderefactor - INFO - Transformation log appended for /home/carlos/Escritorio/BENEVOL/results/iteration18/repo/operations.py.
2026-09-14 22:35:38,236 - greencoderefactor - INFO - No transformations applied. Copied original file: /home/carlos/Escritorio/BENEVOL/results/iteration18/repo/operations.py
2026-09-14 22:35:38,236 - greencoderefactor - INFO - No code changes detected
2026-09-14 22:35:38,236 - greencoderefactor - INFO - Refactor completed successfully. Output directory: /home/carlos/Escritorio/BENEVOL/results/iteration18/tmp_UnusedAssignmentTransformer
2026-09-14 22:35:38,269 - greencoderefactor - INFO - Starting refactor for directory: /home/carlos/Escritorio/BENEVOL/results/iteration19/repo
2026-09-14 22:35:38,269 - greencoderefactor - INFO - Using provided output directory: /home/carlos/Escritorio/BENEVOL/results/iteration19/tmp_ExplicitRaiseToExceptBodyTransformer
2026-09-14 22:35:38,269 - greencoderefactor - INFO - Transforming file: /home/carlos/Escritorio/BENEVOL/results/iteration19/repo/process_data.py
2026-09-14 22:35:38,269 - greencoderefactor - INFO - Selected transformers: ['ExplicitRaiseToExceptBodyTransformer']
2026-09-14 22:35:38,269 - greencoderefactor - INFO - Reading file /home/carlos/Escritorio/BENEVOL/results/iteration19/repo/process_data.py for transformation.
2026-09-14 22:35:38,270 - greencoderefactor - INFO - Transformation log appended for /home/carlos/Escritorio/BENEVOL/results/iteration19/repo/process_data.py.
2026-09-14 22:35:38,270 - greencoderefactor - INFO - No transformations applied. Copied original file: /home/carlos/Escritorio/BENEVOL/results/iteration19/repo/process_data.py
2026-09-14 22:35:38,270 - greencoderefactor - INFO - Transforming file: /home/carlos/Escritorio/BENEVOL/results/iteration19/repo/test_data.py
2026-09-14 22:35:38,270 - greencoderefactor - INFO - Selected transformers: ['ExplicitRaiseToExceptBodyTransformer']
2026-09-14 22:35:38,270 - greencoderefactor - INFO - Reading file /home/carlos/Escritorio/BENEVOL/results/iteration19/repo/test_data.py for transformation.
2026-09-14 22:35:38,271 - greencoderefactor - INFO - Transformation log appended for /home/carlos/Escritorio/BENEVOL/results/iteration19/repo/test_data.py.
2026-09-14 22:35:38,271 - greencoderefactor - INFO - No transformations applied. Copied original file: /home/carlos/Escritorio/BENEVOL/results/iteration19/repo/test_data.py
2026-09-14 22:35:38,271 - greencoderefactor - INFO - Transforming file: /home/carlos/Escritorio/BENEVOL/results/iteration19/repo/operations.py
2026-09-14 22:35:38,271 - greencoderefactor - INFO - Selected transformers: ['ExplicitRaiseToExceptBodyTransformer']
2026-09-14 22:35:38,271 - greencoderefactor - INFO - Reading file /home/carlos/Escritorio/BENEVOL/results/iteration19/repo/operations.py for transformation.
2026-09-14 22:35:38,271 - greencoderefactor - INFO - Transformation log appended for /home/carlos/Escritorio/BENEVOL/results/iteration19/repo/operations.py.
2026-09-14 22:35:38,271 - greencoderefactor - INFO - No transformations applied. Copied original file: /home/carlos/Escritorio/BENEVOL/results/iteration19/repo/operations.py
2026-09-14 22:35:38,271 - greencoderefactor - INFO - No code changes detected
2026-09-14 22:35:38,271 - greencoderefactor - INFO - Refactor completed successfully. Output directory: /home/carlos/Escritorio/BENEVOL/results/iteration19/tmp_ExplicitRaiseToExceptBodyTransformer
2026-09-14 22:35:38,305 - greencoderefactor - INFO - Starting refactor for directory: /home/carlos/Escritorio/BENEVOL/results/iteration19/repo
2026-09-14 22:35:38,305 - greencoderefactor - INFO - Using provided output directory: /home/carlos/Escritorio/BENEVOL/results/iteration19/tmp_UnusedLocalVariablesTransformer
2026-09-14 22:35:38,305 - greencoderefactor - INFO - Transforming file: /home/carlos/Escritorio/BENEVOL/results/iteration19/repo/process_data.py
2026-09-14 22:35:38,305 - greencoderefactor - INFO - Selected transformers: ['UnusedLocalVariablesTransformer']
2026-09-14 22:35:38,305 - greencoderefactor - INFO - Reading file /home/carlos/Escritorio/BENEVOL/results/iteration19/repo/process_data.py for transformation.
2026-09-14 22:35:38,306 - greencoderefactor - INFO - Transformation log appended for /home/carlos/Escritorio/BENEVOL/results/iteration19/repo/process_data.py.
2026-09-14 22:35:38,306 - greencoderefactor - INFO - No transformations applied. Copied original file: /home/carlos/Escritorio/BENEVOL/results/iteration19/repo/process_data.py
2026-09-14 22:35:38,306 - greencoderefactor - INFO - Transforming file: /home/carlos/Escritorio/BENEVOL/results/iteration19/repo/test_data.py
2026-09-14 22:35:38,306 - greencoderefactor - INFO - Selected transformers: ['UnusedLocalVariablesTransformer']
2026-09-14 22:35:38,306 - greencoderefactor - INFO - Reading file /home/carlos/Escritorio/BENEVOL/results/iteration19/repo/test_data.py for transformation.
2026-09-14 22:35:38,306 - greencoderefactor - INFO - Transformation log appended for /home/carlos/Escritorio/BENEVOL/results/iteration19/repo/test_data.py.
2026-09-14 22:35:38,307 - greencoderefactor - INFO - No transformations applied. Copied original file: /home/carlos/Escritorio/BENEVOL/results/iteration19/repo/test_data.py
2026-09-14 22:35:38,307 - greencoderefactor - INFO - Transforming file: /home/carlos/Escritorio/BENEVOL/results/iteration19/repo/operations.py
2026-09-14 22:35:38,307 - greencoderefactor - INFO - Selected transformers: ['UnusedLocalVariablesTransformer']
2026-09-14 22:35:38,307 - greencoderefactor - INFO - Reading file /home/carlos/Escritorio/BENEVOL/results/iteration19/repo/operations.py for transformation.
2026-09-14 22:35:38,307 - greencoderefactor - INFO - Transformation log appended for /home/carlos/Escritorio/BENEVOL/results/iteration19/repo/operations.py.
2026-09-14 22:35:38,307 - greencoderefactor - INFO - No transformations applied. Copied original file: /home/carlos/Escritorio/BENEVOL/results/iteration19/repo/operations.py
2026-09-14 22:35:38,307 - greencoderefactor - INFO - No code changes detected
2026-09-14 22:35:38,307 - greencoderefactor - INFO - Refactor completed successfully. Output directory: /home/carlos/Escritorio/BENEVOL/results/iteration19/tmp_UnusedLocalVariablesTransformer
2026-09-14 22:35:38,341 - greencoderefactor - INFO - Starting refactor for directory: /home/carlos/Escritorio/BENEVOL/results/iteration19/repo
2026-09-14 22:35:38,341 - greencoderefactor - INFO - Using provided output directory: /home/carlos/Escritorio/BENEVOL/results/iteration19/tmp_UnusedAssignmentTransformer
2026-09-14 22:35:38,342 - greencoderefactor - INFO - Transforming file: /home/carlos/Escritorio/BENEVOL/results/iteration19/repo/process_data.py
2026-09-14 22:35:38,342 - greencoderefactor - INFO - Selected transformers: ['UnusedAssignmentTransformer']
2026-09-14 22:35:38,342 - greencoderefactor - INFO - Reading file /home/carlos/Escritorio/BENEVOL/results/iteration19/repo/process_data.py for transformation.
2026-09-14 22:35:38,343 - greencoderefactor - INFO - Transformation log appended for /home/carlos/Escritorio/BENEVOL/results/iteration19/repo/process_data.py.
2026-09-14 22:35:38,343 - greencoderefactor - INFO - No transformations applied. Copied original file: /home/carlos/Escritorio/BENEVOL/results/iteration19/repo/process_data.py
2026-09-14 22:35:38,343 - greencoderefactor - INFO - Transforming file: /home/carlos/Escritorio/BENEVOL/results/iteration19/repo/test_data.py
2026-09-14 22:35:38,343 - greencoderefactor - INFO - Selected transformers: ['UnusedAssignmentTransformer']
2026-09-14 22:35:38,343 - greencoderefactor - INFO - Reading file /home/carlos/Escritorio/BENEVOL/results/iteration19/repo/test_data.py for transformation.
2026-09-14 22:35:38,343 - greencoderefactor - INFO - Transformation log appended for /home/carlos/Escritorio/BENEVOL/results/iteration19/repo/test_data.py.
2026-09-14 22:35:38,343 - greencoderefactor - INFO - No transformations applied. Copied original file: /home/carlos/Escritorio/BENEVOL/results/iteration19/repo/test_data.py
2026-09-14 22:35:38,343 - greencoderefactor - INFO - Transforming file: /home/carlos/Escritorio/BENEVOL/results/iteration19/repo/operations.py
2026-09-14 22:35:38,343 - greencoderefactor - INFO - Selected transformers: ['UnusedAssignmentTransformer']
2026-09-14 22:35:38,343 - greencoderefactor - INFO - Reading file /home/carlos/Escritorio/BENEVOL/results/iteration19/repo/operations.py for transformation.
2026-09-14 22:35:38,344 - greencoderefactor - INFO - Transformation log appended for /home/carlos/Escritorio/BENEVOL/results/iteration19/repo/operations.py.
2026-09-14 22:35:38,344 - greencoderefactor - INFO - No transformations applied. Copied original file: /home/carlos/Escritorio/BENEVOL/results/iteration19/repo/operations.py
2026-09-14 22:35:38,344 - greencoderefactor - INFO - No code changes detected
2026-09-14 22:35:38,344 - greencoderefactor - INFO - Refactor completed successfully. Output directory: /home/carlos/Escritorio/BENEVOL/results/iteration19/tmp_UnusedAssignmentTransformer
2026-09-14 22:35:38,380 - greencoderefactor - INFO - Starting refactor for directory: /home/carlos/Escritorio/BENEVOL/results/iteration20/repo
2026-09-14 22:35:38,380 - greencoderefactor - INFO - Using provided output directory: /home/carlos/Escritorio/BENEVOL/results/iteration20/tmp_ExplicitRaiseToExceptBodyTransformer
2026-09-14 22:35:38,380 - greencoderefactor - INFO - Transforming file: /home/carlos/Escritorio/BENEVOL/results/iteration20/repo/process_data.py
2026-09-14 22:35:38,380 - greencoderefactor - INFO - Selected transformers: ['ExplicitRaiseToExceptBodyTransformer']
2026-09-14 22:35:38,380 - greencoderefactor - INFO - Reading file /home/carlos/Escritorio/BENEVOL/results/iteration20/repo/process_data.py for transformation.
2026-09-14 22:35:38,381 - greencoderefactor - INFO - Transformation log appended for /home/carlos/Escritorio/BENEVOL/results/iteration20/repo/process_data.py.
2026-09-14 22:35:38,381 - greencoderefactor - INFO - No transformations applied. Copied original file: /home/carlos/Escritorio/BENEVOL/results/iteration20/repo/process_data.py
2026-09-14 22:35:38,381 - greencoderefactor - INFO - Transforming file: /home/carlos/Escritorio/BENEVOL/results/iteration20/repo/test_data.py
2026-09-14 22:35:38,381 - greencoderefactor - INFO - Selected transformers: ['ExplicitRaiseToExceptBodyTransformer']
2026-09-14 22:35:38,381 - greencoderefactor - INFO - Reading file /home/carlos/Escritorio/BENEVOL/results/iteration20/repo/test_data.py for transformation.
2026-09-14 22:35:38,381 - greencoderefactor - INFO - Transformation log appended for /home/carlos/Escritorio/BENEVOL/results/iteration20/repo/test_data.py.
2026-09-14 22:35:38,382 - greencoderefactor - INFO - No transformations applied. Copied original file: /home/carlos/Escritorio/BENEVOL/results/iteration20/repo/test_data.py
2026-09-14 22:35:38,382 - greencoderefactor - INFO - Transforming file: /home/carlos/Escritorio/BENEVOL/results/iteration20/repo/operations.py
2026-09-14 22:35:38,382 - greencoderefactor - INFO - Selected transformers: ['ExplicitRaiseToExceptBodyTransformer']
2026-09-14 22:35:38,382 - greencoderefactor - INFO - Reading file /home/carlos/Escritorio/BENEVOL/results/iteration20/repo/operations.py for transformation.
2026-09-14 22:35:38,382 - greencoderefactor - INFO - Transformation log appended for /home/carlos/Escritorio/BENEVOL/results/iteration20/repo/operations.py.
2026-09-14 22:35:38,382 - greencoderefactor - INFO - No transformations applied. Copied original file: /home/carlos/Escritorio/BENEVOL/results/iteration20/repo/operations.py
2026-09-14 22:35:38,382 - greencoderefactor - INFO - No code changes detected
2026-09-14 22:35:38,382 - greencoderefactor - INFO - Refactor completed successfully. Output directory: /home/carlos/Escritorio/BENEVOL/results/iteration20/tmp_ExplicitRaiseToExceptBodyTransformer
2026-09-14 22:35:38,414 - greencoderefactor - INFO - Starting refactor for directory: /home/carlos/Escritorio/BENEVOL/results/iteration20/repo
2026-09-14 22:35:38,414 - greencoderefactor - INFO - Using provided output directory: /home/carlos/Escritorio/BENEVOL/results/iteration20/tmp_UnusedLocalVariablesTransformer
2026-09-14 22:35:38,414 - greencoderefactor - INFO - Transforming file: /home/carlos/Escritorio/BENEVOL/results/iteration20/repo/process_data.py
2026-09-14 22:35:38,414 - greencoderefactor - INFO - Selected transformers: ['UnusedLocalVariablesTransformer']
2026-09-14 22:35:38,414 - greencoderefactor - INFO - Reading file /home/carlos/Escritorio/BENEVOL/results/iteration20/repo/process_data.py for transformation.
2026-09-14 22:35:38,415 - greencoderefactor - INFO - Transformation log appended for /home/carlos/Escritorio/BENEVOL/results/iteration20/repo/process_data.py.
2026-09-14 22:35:38,415 - greencoderefactor - INFO - No transformations applied. Copied original file: /home/carlos/Escritorio/BENEVOL/results/iteration20/repo/process_data.py
2026-09-14 22:35:38,415 - greencoderefactor - INFO - Transforming file: /home/carlos/Escritorio/BENEVOL/results/iteration20/repo/test_data.py
2026-09-14 22:35:38,415 - greencoderefactor - INFO - Selected transformers: ['UnusedLocalVariablesTransformer']
2026-09-14 22:35:38,415 - greencoderefactor - INFO - Reading file /home/carlos/Escritorio/BENEVOL/results/iteration20/repo/test_data.py for transformation.
2026-09-14 22:35:38,416 - greencoderefactor - INFO - Transformation log appended for /home/carlos/Escritorio/BENEVOL/results/iteration20/repo/test_data.py.
2026-09-14 22:35:38,416 - greencoderefactor - INFO - No transformations applied. Copied original file: /home/carlos/Escritorio/BENEVOL/results/iteration20/repo/test_data.py
2026-09-14 22:35:38,416 - greencoderefactor - INFO - Transforming file: /home/carlos/Escritorio/BENEVOL/results/iteration20/repo/operations.py
2026-09-14 22:35:38,416 - greencoderefactor - INFO - Selected transformers: ['UnusedLocalVariablesTransformer']
2026-09-14 22:35:38,416 - greencoderefactor - INFO - Reading file /home/carlos/Escritorio/BENEVOL/results/iteration20/repo/operations.py for transformation.
2026-09-14 22:35:38,416 - greencoderefactor - INFO - Transformation log appended for /home/carlos/Escritorio/BENEVOL/results/iteration20/repo/operations.py.
2026-09-14 22:35:38,416 - greencoderefactor - INFO - No transformations applied. Copied original file: /home/carlos/Escritorio/BENEVOL/results/iteration20/repo/operations.py
2026-09-14 22:35:38,416 - greencoderefactor - INFO - No code changes detected
2026-09-14 22:35:38,416 - greencoderefactor - INFO - Refactor completed successfully. Output directory: /home/carlos/Escritorio/BENEVOL/results/iteration20/tmp_UnusedLocalVariablesTransformer
2026-09-14 22:35:38,448 - greencoderefactor - INFO - Starting refactor for directory: /home/carlos/Escritorio/BENEVOL/results/iteration20/repo
2026-09-14 22:35:38,448 - greencoderefactor - INFO - Using provided output directory: /home/carlos/Escritorio/BENEVOL/results/iteration20/tmp_UnusedAssignmentTransformer
2026-09-14 22:35:38,448 - greencoderefactor - INFO - Transforming file: /home/carlos/Escritorio/BENEVOL/results/iteration20/repo/process_data.py
2026-09-14 22:35:38,448 - greencoderefactor - INFO - Selected transformers: ['UnusedAssignmentTransformer']
2026-09-14 22:35:38,448 - greencoderefactor - INFO - Reading file /home/carlos/Escritorio/BENEVOL/results/iteration20/repo/process_data.py for transformation.
2026-09-14 22:35:38,449 - greencoderefactor - INFO - Transformation log appended for /home/carlos/Escritorio/BENEVOL/results/iteration20/repo/process_data.py.
2026-09-14 22:35:38,449 - greencoderefactor - INFO - No transformations applied. Copied original file: /home/carlos/Escritorio/BENEVOL/results/iteration20/repo/process_data.py
2026-09-14 22:35:38,449 - greencoderefactor - INFO - Transforming file: /home/carlos/Escritorio/BENEVOL/results/iteration20/repo/test_data.py
2026-09-14 22:35:38,449 - greencoderefactor - INFO - Selected transformers: ['UnusedAssignmentTransformer']
2026-09-14 22:35:38,449 - greencoderefactor - INFO - Reading file /home/carlos/Escritorio/BENEVOL/results/iteration20/repo/test_data.py for transformation.
2026-09-14 22:35:38,449 - greencoderefactor - INFO - Transformation log appended for /home/carlos/Escritorio/BENEVOL/results/iteration20/repo/test_data.py.
2026-09-14 22:35:38,449 - greencoderefactor - INFO - No transformations applied. Copied original file: /home/carlos/Escritorio/BENEVOL/results/iteration20/repo/test_data.py
2026-09-14 22:35:38,450 - greencoderefactor - INFO - Transforming file: /home/carlos/Escritorio/BENEVOL/results/iteration20/repo/operations.py
2026-09-14 22:35:38,450 - greencoderefactor - INFO - Selected transformers: ['UnusedAssignmentTransformer']
2026-09-14 22:35:38,450 - greencoderefactor - INFO - Reading file /home/carlos/Escritorio/BENEVOL/results/iteration20/repo/operations.py for transformation.
2026-09-14 22:35:38,450 - greencoderefactor - INFO - Transformation log appended for /home/carlos/Escritorio/BENEVOL/results/iteration20/repo/operations.py.
2026-09-14 22:35:38,450 - greencoderefactor - INFO - No transformations applied. Copied original file: /home/carlos/Escritorio/BENEVOL/results/iteration20/repo/operations.py
2026-09-14 22:35:38,450 - greencoderefactor - INFO - No code changes detected
2026-09-14 22:35:38,450 - greencoderefactor - INFO - Refactor completed successfully. Output directory: /home/carlos/Escritorio/BENEVOL/results/iteration20/tmp_UnusedAssignmentTransformer
2026-09-14 22:35:38,487 - greencoderefactor - INFO - Starting refactor for directory: /home/carlos/Escritorio/BENEVOL/results/iteration21/repo
2026-09-14 22:35:38,487 - greencoderefactor - INFO - Using provided output directory: /home/carlos/Escritorio/BENEVOL/results/iteration21/tmp_ExplicitRaiseToExceptBodyTransformer
2026-09-14 22:35:38,487 - greencoderefactor - INFO - Transforming file: /home/carlos/Escritorio/BENEVOL/results/iteration21/repo/process_data.py
2026-09-14 22:35:38,487 - greencoderefactor - INFO - Selected transformers: ['ExplicitRaiseToExceptBodyTransformer']
2026-09-14 22:35:38,487 - greencoderefactor - INFO - Reading file /home/carlos/Escritorio/BENEVOL/results/iteration21/repo/process_data.py for transformation.
2026-09-14 22:35:38,488 - greencoderefactor - INFO - Transformation log appended for /home/carlos/Escritorio/BENEVOL/results/iteration21/repo/process_data.py.
2026-09-14 22:35:38,488 - greencoderefactor - INFO - No transformations applied. Copied original file: /home/carlos/Escritorio/BENEVOL/results/iteration21/repo/process_data.py
2026-09-14 22:35:38,488 - greencoderefactor - INFO - Transforming file: /home/carlos/Escritorio/BENEVOL/results/iteration21/repo/test_data.py
2026-09-14 22:35:38,488 - greencoderefactor - INFO - Selected transformers: ['ExplicitRaiseToExceptBodyTransformer']
2026-09-14 22:35:38,488 - greencoderefactor - INFO - Reading file /home/carlos/Escritorio/BENEVOL/results/iteration21/repo/test_data.py for transformation.
2026-09-14 22:35:38,489 - greencoderefactor - INFO - Transformation log appended for /home/carlos/Escritorio/BENEVOL/results/iteration21/repo/test_data.py.
2026-09-14 22:35:38,489 - greencoderefactor - INFO - No transformations applied. Copied original file: /home/carlos/Escritorio/BENEVOL/results/iteration21/repo/test_data.py
2026-09-14 22:35:38,489 - greencoderefactor - INFO - Transforming file: /home/carlos/Escritorio/BENEVOL/results/iteration21/repo/operations.py
2026-09-14 22:35:38,489 - greencoderefactor - INFO - Selected transformers: ['ExplicitRaiseToExceptBodyTransformer']
2026-09-14 22:35:38,489 - greencoderefactor - INFO - Reading file /home/carlos/Escritorio/BENEVOL/results/iteration21/repo/operations.py for transformation.
2026-09-14 22:35:38,489 - greencoderefactor - INFO - Transformation log appended for /home/carlos/Escritorio/BENEVOL/results/iteration21/repo/operations.py.
2026-09-14 22:35:38,489 - greencoderefactor - INFO - No transformations applied. Copied original file: /home/carlos/Escritorio/BENEVOL/results/iteration21/repo/operations.py
2026-09-14 22:35:38,489 - greencoderefactor - INFO - No code changes detected
2026-09-14 22:35:38,489 - greencoderefactor - INFO - Refactor completed successfully. Output directory: /home/carlos/Escritorio/BENEVOL/results/iteration21/tmp_ExplicitRaiseToExceptBodyTransformer
2026-09-14 22:35:38,521 - greencoderefactor - INFO - Starting refactor for directory: /home/carlos/Escritorio/BENEVOL/results/iteration21/repo
2026-09-14 22:35:38,521 - greencoderefactor - INFO - Using provided output directory: /home/carlos/Escritorio/BENEVOL/results/iteration21/tmp_UnusedLocalVariablesTransformer
2026-09-14 22:35:38,521 - greencoderefactor - INFO - Transforming file: /home/carlos/Escritorio/BENEVOL/results/iteration21/repo/process_data.py
2026-09-14 22:35:38,521 - greencoderefactor - INFO - Selected transformers: ['UnusedLocalVariablesTransformer']
2026-09-14 22:35:38,521 - greencoderefactor - INFO - Reading file /home/carlos/Escritorio/BENEVOL/results/iteration21/repo/process_data.py for transformation.
2026-09-14 22:35:38,522 - greencoderefactor - INFO - Transformation log appended for /home/carlos/Escritorio/BENEVOL/results/iteration21/repo/process_data.py.
2026-09-14 22:35:38,522 - greencoderefactor - INFO - No transformations applied. Copied original file: /home/carlos/Escritorio/BENEVOL/results/iteration21/repo/process_data.py
2026-09-14 22:35:38,522 - greencoderefactor - INFO - Transforming file: /home/carlos/Escritorio/BENEVOL/results/iteration21/repo/test_data.py
2026-09-14 22:35:38,522 - greencoderefactor - INFO - Selected transformers: ['UnusedLocalVariablesTransformer']
2026-09-14 22:35:38,522 - greencoderefactor - INFO - Reading file /home/carlos/Escritorio/BENEVOL/results/iteration21/repo/test_data.py for transformation.
2026-09-14 22:35:38,523 - greencoderefactor - INFO - Transformation log appended for /home/carlos/Escritorio/BENEVOL/results/iteration21/repo/test_data.py.
2026-09-14 22:35:38,523 - greencoderefactor - INFO - No transformations applied. Copied original file: /home/carlos/Escritorio/BENEVOL/results/iteration21/repo/test_data.py
2026-09-14 22:35:38,523 - greencoderefactor - INFO - Transforming file: /home/carlos/Escritorio/BENEVOL/results/iteration21/repo/operations.py
2026-09-14 22:35:38,523 - greencoderefactor - INFO - Selected transformers: ['UnusedLocalVariablesTransformer']
2026-09-14 22:35:38,523 - greencoderefactor - INFO - Reading file /home/carlos/Escritorio/BENEVOL/results/iteration21/repo/operations.py for transformation.
2026-09-14 22:35:38,523 - greencoderefactor - INFO - Transformation log appended for /home/carlos/Escritorio/BENEVOL/results/iteration21/repo/operations.py.
2026-09-14 22:35:38,523 - greencoderefactor - INFO - No transformations applied. Copied original file: /home/carlos/Escritorio/BENEVOL/results/iteration21/repo/operations.py
2026-09-14 22:35:38,523 - greencoderefactor - INFO - No code changes detected
2026-09-14 22:35:38,523 - greencoderefactor - INFO - Refactor completed successfully. Output directory: /home/carlos/Escritorio/BENEVOL/results/iteration21/tmp_UnusedLocalVariablesTransformer
2026-09-14 22:35:38,556 - greencoderefactor - INFO - Starting refactor for directory: /home/carlos/Escritorio/BENEVOL/results/iteration21/repo
2026-09-14 22:35:38,556 - greencoderefactor - INFO - Using provided output directory: /home/carlos/Escritorio/BENEVOL/results/iteration21/tmp_UnusedAssignmentTransformer
2026-09-14 22:35:38,556 - greencoderefactor - INFO - Transforming file: /home/carlos/Escritorio/BENEVOL/results/iteration21/repo/process_data.py
2026-09-14 22:35:38,556 - greencoderefactor - INFO - Selected transformers: ['UnusedAssignmentTransformer']
2026-09-14 22:35:38,556 - greencoderefactor - INFO - Reading file /home/carlos/Escritorio/BENEVOL/results/iteration21/repo/process_data.py for transformation.
2026-09-14 22:35:38,557 - greencoderefactor - INFO - Transformation log appended for /home/carlos/Escritorio/BENEVOL/results/iteration21/repo/process_data.py.
2026-09-14 22:35:38,557 - greencoderefactor - INFO - No transformations applied. Copied original file: /home/carlos/Escritorio/BENEVOL/results/iteration21/repo/process_data.py
2026-09-14 22:35:38,557 - greencoderefactor - INFO - Transforming file: /home/carlos/Escritorio/BENEVOL/results/iteration21/repo/test_data.py
2026-09-14 22:35:38,557 - greencoderefactor - INFO - Selected transformers: ['UnusedAssignmentTransformer']
2026-09-14 22:35:38,557 - greencoderefactor - INFO - Reading file /home/carlos/Escritorio/BENEVOL/results/iteration21/repo/test_data.py for transformation.
2026-09-14 22:35:38,558 - greencoderefactor - INFO - Transformation log appended for /home/carlos/Escritorio/BENEVOL/results/iteration21/repo/test_data.py.
2026-09-14 22:35:38,558 - greencoderefactor - INFO - No transformations applied. Copied original file: /home/carlos/Escritorio/BENEVOL/results/iteration21/repo/test_data.py
2026-09-14 22:35:38,558 - greencoderefactor - INFO - Transforming file: /home/carlos/Escritorio/BENEVOL/results/iteration21/repo/operations.py
2026-09-14 22:35:38,558 - greencoderefactor - INFO - Selected transformers: ['UnusedAssignmentTransformer']
2026-09-14 22:35:38,558 - greencoderefactor - INFO - Reading file /home/carlos/Escritorio/BENEVOL/results/iteration21/repo/operations.py for transformation.
2026-09-14 22:35:38,558 - greencoderefactor - INFO - Transformation log appended for /home/carlos/Escritorio/BENEVOL/results/iteration21/repo/operations.py.
2026-09-14 22:35:38,558 - greencoderefactor - INFO - No transformations applied. Copied original file: /home/carlos/Escritorio/BENEVOL/results/iteration21/repo/operations.py
2026-09-14 22:35:38,558 - greencoderefactor - INFO - No code changes detected
2026-09-14 22:35:38,558 - greencoderefactor - INFO - Refactor completed successfully. Output directory: /home/carlos/Escritorio/BENEVOL/results/iteration21/tmp_UnusedAssignmentTransformer
2026-09-14 22:35:38,591 - greencoderefactor - INFO - Starting refactor for directory: /home/carlos/Escritorio/BENEVOL/results/iteration22/repo
2026-09-14 22:35:38,591 - greencoderefactor - INFO - Using provided output directory: /home/carlos/Escritorio/BENEVOL/results/iteration22/tmp_ExplicitRaiseToExceptBodyTransformer
2026-09-14 22:35:38,591 - greencoderefactor - INFO - Transforming file: /home/carlos/Escritorio/BENEVOL/results/iteration22/repo/process_data.py
2026-09-14 22:35:38,591 - greencoderefactor - INFO - Selected transformers: ['ExplicitRaiseToExceptBodyTransformer']
2026-09-14 22:35:38,591 - greencoderefactor - INFO - Reading file /home/carlos/Escritorio/BENEVOL/results/iteration22/repo/process_data.py for transformation.
2026-09-14 22:35:38,592 - greencoderefactor - INFO - Transformation log appended for /home/carlos/Escritorio/BENEVOL/results/iteration22/repo/process_data.py.
2026-09-14 22:35:38,592 - greencoderefactor - INFO - No transformations applied. Copied original file: /home/carlos/Escritorio/BENEVOL/results/iteration22/repo/process_data.py
2026-09-14 22:35:38,592 - greencoderefactor - INFO - Transforming file: /home/carlos/Escritorio/BENEVOL/results/iteration22/repo/test_data.py
2026-09-14 22:35:38,592 - greencoderefactor - INFO - Selected transformers: ['ExplicitRaiseToExceptBodyTransformer']
2026-09-14 22:35:38,592 - greencoderefactor - INFO - Reading file /home/carlos/Escritorio/BENEVOL/results/iteration22/repo/test_data.py for transformation.
2026-09-14 22:35:38,593 - greencoderefactor - INFO - Transformation log appended for /home/carlos/Escritorio/BENEVOL/results/iteration22/repo/test_data.py.
2026-09-14 22:35:38,593 - greencoderefactor - INFO - No transformations applied. Copied original file: /home/carlos/Escritorio/BENEVOL/results/iteration22/repo/test_data.py
2026-09-14 22:35:38,593 - greencoderefactor - INFO - Transforming file: /home/carlos/Escritorio/BENEVOL/results/iteration22/repo/operations.py
2026-09-14 22:35:38,593 - greencoderefactor - INFO - Selected transformers: ['ExplicitRaiseToExceptBodyTransformer']
2026-09-14 22:35:38,593 - greencoderefactor - INFO - Reading file /home/carlos/Escritorio/BENEVOL/results/iteration22/repo/operations.py for transformation.
2026-09-14 22:35:38,593 - greencoderefactor - INFO - Transformation log appended for /home/carlos/Escritorio/BENEVOL/results/iteration22/repo/operations.py.
2026-09-14 22:35:38,593 - greencoderefactor - INFO - No transformations applied. Copied original file: /home/carlos/Escritorio/BENEVOL/results/iteration22/repo/operations.py
2026-09-14 22:35:38,593 - greencoderefactor - INFO - No code changes detected
2026-09-14 22:35:38,593 - greencoderefactor - INFO - Refactor completed successfully. Output directory: /home/carlos/Escritorio/BENEVOL/results/iteration22/tmp_ExplicitRaiseToExceptBodyTransformer
2026-09-14 22:35:38,635 - greencoderefactor - INFO - Starting refactor for directory: /home/carlos/Escritorio/BENEVOL/results/iteration22/repo
2026-09-14 22:35:38,636 - greencoderefactor - INFO - Using provided output directory: /home/carlos/Escritorio/BENEVOL/results/iteration22/tmp_UnusedLocalVariablesTransformer
2026-09-14 22:35:38,636 - greencoderefactor - INFO - Transforming file: /home/carlos/Escritorio/BENEVOL/results/iteration22/repo/process_data.py
2026-09-14 22:35:38,636 - greencoderefactor - INFO - Selected transformers: ['UnusedLocalVariablesTransformer']
2026-09-14 22:35:38,636 - greencoderefactor - INFO - Reading file /home/carlos/Escritorio/BENEVOL/results/iteration22/repo/process_data.py for transformation.
2026-09-14 22:35:38,637 - greencoderefactor - INFO - Transformation log appended for /home/carlos/Escritorio/BENEVOL/results/iteration22/repo/process_data.py.
2026-09-14 22:35:38,637 - greencoderefactor - INFO - No transformations applied. Copied original file: /home/carlos/Escritorio/BENEVOL/results/iteration22/repo/process_data.py
2026-09-14 22:35:38,637 - greencoderefactor - INFO - Transforming file: /home/carlos/Escritorio/BENEVOL/results/iteration22/repo/test_data.py
2026-09-14 22:35:38,637 - greencoderefactor - INFO - Selected transformers: ['UnusedLocalVariablesTransformer']
2026-09-14 22:35:38,637 - greencoderefactor - INFO - Reading file /home/carlos/Escritorio/BENEVOL/results/iteration22/repo/test_data.py for transformation.
2026-09-14 22:35:38,637 - greencoderefactor - INFO - Transformation log appended for /home/carlos/Escritorio/BENEVOL/results/iteration22/repo/test_data.py.
2026-09-14 22:35:38,637 - greencoderefactor - INFO - No transformations applied. Copied original file: /home/carlos/Escritorio/BENEVOL/results/iteration22/repo/test_data.py
2026-09-14 22:35:38,637 - greencoderefactor - INFO - Transforming file: /home/carlos/Escritorio/BENEVOL/results/iteration22/repo/operations.py
2026-09-14 22:35:38,637 - greencoderefactor - INFO - Selected transformers: ['UnusedLocalVariablesTransformer']
2026-09-14 22:35:38,637 - greencoderefactor - INFO - Reading file /home/carlos/Escritorio/BENEVOL/results/iteration22/repo/operations.py for transformation.
2026-09-14 22:35:38,638 - greencoderefactor - INFO - Transformation log appended for /home/carlos/Escritorio/BENEVOL/results/iteration22/repo/operations.py.
2026-09-14 22:35:38,638 - greencoderefactor - INFO - No transformations applied. Copied original file: /home/carlos/Escritorio/BENEVOL/results/iteration22/repo/operations.py
2026-09-14 22:35:38,638 - greencoderefactor - INFO - No code changes detected
2026-09-14 22:35:38,638 - greencoderefactor - INFO - Refactor completed successfully. Output directory: /home/carlos/Escritorio/BENEVOL/results/iteration22/tmp_UnusedLocalVariablesTransformer
2026-09-14 22:35:38,672 - greencoderefactor - INFO - Starting refactor for directory: /home/carlos/Escritorio/BENEVOL/results/iteration22/repo
2026-09-14 22:35:38,672 - greencoderefactor - INFO - Using provided output directory: /home/carlos/Escritorio/BENEVOL/results/iteration22/tmp_UnusedAssignmentTransformer
2026-09-14 22:35:38,672 - greencoderefactor - INFO - Transforming file: /home/carlos/Escritorio/BENEVOL/results/iteration22/repo/process_data.py
2026-09-14 22:35:38,672 - greencoderefactor - INFO - Selected transformers: ['UnusedAssignmentTransformer']
2026-09-14 22:35:38,672 - greencoderefactor - INFO - Reading file /home/carlos/Escritorio/BENEVOL/results/iteration22/repo/process_data.py for transformation.
2026-09-14 22:35:38,673 - greencoderefactor - INFO - Transformation log appended for /home/carlos/Escritorio/BENEVOL/results/iteration22/repo/process_data.py.
2026-09-14 22:35:38,673 - greencoderefactor - INFO - No transformations applied. Copied original file: /home/carlos/Escritorio/BENEVOL/results/iteration22/repo/process_data.py
2026-09-14 22:35:38,673 - greencoderefactor - INFO - Transforming file: /home/carlos/Escritorio/BENEVOL/results/iteration22/repo/test_data.py
2026-09-14 22:35:38,673 - greencoderefactor - INFO - Selected transformers: ['UnusedAssignmentTransformer']
2026-09-14 22:35:38,673 - greencoderefactor - INFO - Reading file /home/carlos/Escritorio/BENEVOL/results/iteration22/repo/test_data.py for transformation.
2026-09-14 22:35:38,673 - greencoderefactor - INFO - Transformation log appended for /home/carlos/Escritorio/BENEVOL/results/iteration22/repo/test_data.py.
2026-09-14 22:35:38,674 - greencoderefactor - INFO - No transformations applied. Copied original file: /home/carlos/Escritorio/BENEVOL/results/iteration22/repo/test_data.py
2026-09-14 22:35:38,674 - greencoderefactor - INFO - Transforming file: /home/carlos/Escritorio/BENEVOL/results/iteration22/repo/operations.py
2026-09-14 22:35:38,674 - greencoderefactor - INFO - Selected transformers: ['UnusedAssignmentTransformer']
2026-09-14 22:35:38,674 - greencoderefactor - INFO - Reading file /home/carlos/Escritorio/BENEVOL/results/iteration22/repo/operations.py for transformation.
2026-09-14 22:35:38,674 - greencoderefactor - INFO - Transformation log appended for /home/carlos/Escritorio/BENEVOL/results/iteration22/repo/operations.py.
2026-09-14 22:35:38,674 - greencoderefactor - INFO - No transformations applied. Copied original file: /home/carlos/Escritorio/BENEVOL/results/iteration22/repo/operations.py
2026-09-14 22:35:38,674 - greencoderefactor - INFO - No code changes detected
2026-09-14 22:35:38,674 - greencoderefactor - INFO - Refactor completed successfully. Output directory: /home/carlos/Escritorio/BENEVOL/results/iteration22/tmp_UnusedAssignmentTransformer
2026-09-14 22:35:38,710 - greencoderefactor - INFO - Starting refactor for directory: /home/carlos/Escritorio/BENEVOL/results/iteration23/repo
2026-09-14 22:35:38,710 - greencoderefactor - INFO - Using provided output directory: /home/carlos/Escritorio/BENEVOL/results/iteration23/tmp_ExplicitRaiseToExceptBodyTransformer
2026-09-14 22:35:38,710 - greencoderefactor - INFO - Transforming file: /home/carlos/Escritorio/BENEVOL/results/iteration23/repo/process_data.py
2026-09-14 22:35:38,710 - greencoderefactor - INFO - Selected transformers: ['ExplicitRaiseToExceptBodyTransformer']
2026-09-14 22:35:38,710 - greencoderefactor - INFO - Reading file /home/carlos/Escritorio/BENEVOL/results/iteration23/repo/process_data.py for transformation.
2026-09-14 22:35:38,711 - greencoderefactor - INFO - Transformation log appended for /home/carlos/Escritorio/BENEVOL/results/iteration23/repo/process_data.py.
2026-09-14 22:35:38,711 - greencoderefactor - INFO - No transformations applied. Copied original file: /home/carlos/Escritorio/BENEVOL/results/iteration23/repo/process_data.py
2026-09-14 22:35:38,711 - greencoderefactor - INFO - Transforming file: /home/carlos/Escritorio/BENEVOL/results/iteration23/repo/test_data.py
2026-09-14 22:35:38,711 - greencoderefactor - INFO - Selected transformers: ['ExplicitRaiseToExceptBodyTransformer']
2026-09-14 22:35:38,711 - greencoderefactor - INFO - Reading file /home/carlos/Escritorio/BENEVOL/results/iteration23/repo/test_data.py for transformation.
2026-09-14 22:35:38,712 - greencoderefactor - INFO - Transformation log appended for /home/carlos/Escritorio/BENEVOL/results/iteration23/repo/test_data.py.
2026-09-14 22:35:38,712 - greencoderefactor - INFO - No transformations applied. Copied original file: /home/carlos/Escritorio/BENEVOL/results/iteration23/repo/test_data.py
2026-09-14 22:35:38,712 - greencoderefactor - INFO - Transforming file: /home/carlos/Escritorio/BENEVOL/results/iteration23/repo/operations.py
2026-09-14 22:35:38,712 - greencoderefactor - INFO - Selected transformers: ['ExplicitRaiseToExceptBodyTransformer']
2026-09-14 22:35:38,712 - greencoderefactor - INFO - Reading file /home/carlos/Escritorio/BENEVOL/results/iteration23/repo/operations.py for transformation.
2026-09-14 22:35:38,712 - greencoderefactor - INFO - Transformation log appended for /home/carlos/Escritorio/BENEVOL/results/iteration23/repo/operations.py.
2026-09-14 22:35:38,712 - greencoderefactor - INFO - No transformations applied. Copied original file: /home/carlos/Escritorio/BENEVOL/results/iteration23/repo/operations.py
2026-09-14 22:35:38,712 - greencoderefactor - INFO - No code changes detected
2026-09-14 22:35:38,712 - greencoderefactor - INFO - Refactor completed successfully. Output directory: /home/carlos/Escritorio/BENEVOL/results/iteration23/tmp_ExplicitRaiseToExceptBodyTransformer
2026-09-14 22:35:38,744 - greencoderefactor - INFO - Starting refactor for directory: /home/carlos/Escritorio/BENEVOL/results/iteration23/repo
2026-09-14 22:35:38,744 - greencoderefactor - INFO - Using provided output directory: /home/carlos/Escritorio/BENEVOL/results/iteration23/tmp_UnusedLocalVariablesTransformer
2026-09-14 22:35:38,745 - greencoderefactor - INFO - Transforming file: /home/carlos/Escritorio/BENEVOL/results/iteration23/repo/process_data.py
2026-09-14 22:35:38,745 - greencoderefactor - INFO - Selected transformers: ['UnusedLocalVariablesTransformer']
2026-09-14 22:35:38,745 - greencoderefactor - INFO - Reading file /home/carlos/Escritorio/BENEVOL/results/iteration23/repo/process_data.py for transformation.
2026-09-14 22:35:38,746 - greencoderefactor - INFO - Transformation log appended for /home/carlos/Escritorio/BENEVOL/results/iteration23/repo/process_data.py.
2026-09-14 22:35:38,746 - greencoderefactor - INFO - No transformations applied. Copied original file: /home/carlos/Escritorio/BENEVOL/results/iteration23/repo/process_data.py
2026-09-14 22:35:38,746 - greencoderefactor - INFO - Transforming file: /home/carlos/Escritorio/BENEVOL/results/iteration23/repo/test_data.py
2026-09-14 22:35:38,746 - greencoderefactor - INFO - Selected transformers: ['UnusedLocalVariablesTransformer']
2026-09-14 22:35:38,746 - greencoderefactor - INFO - Reading file /home/carlos/Escritorio/BENEVOL/results/iteration23/repo/test_data.py for transformation.
2026-09-14 22:35:38,746 - greencoderefactor - INFO - Transformation log appended for /home/carlos/Escritorio/BENEVOL/results/iteration23/repo/test_data.py.
2026-09-14 22:35:38,746 - greencoderefactor - INFO - No transformations applied. Copied original file: /home/carlos/Escritorio/BENEVOL/results/iteration23/repo/test_data.py
2026-09-14 22:35:38,746 - greencoderefactor - INFO - Transforming file: /home/carlos/Escritorio/BENEVOL/results/iteration23/repo/operations.py
2026-09-14 22:35:38,746 - greencoderefactor - INFO - Selected transformers: ['UnusedLocalVariablesTransformer']
2026-09-14 22:35:38,746 - greencoderefactor - INFO - Reading file /home/carlos/Escritorio/BENEVOL/results/iteration23/repo/operations.py for transformation.
2026-09-14 22:35:38,746 - greencoderefactor - INFO - Applied rule: UnusedLocalVariablesTransformer: Removed unused variable 'y' at line 6
2026-09-14 22:35:38,746 - greencoderefactor - INFO - Changes detected in /home/carlos/Escritorio/BENEVOL/results/iteration23/repo/operations.py, writing transformed code to /home/carlos/Escritorio/BENEVOL/results/iteration23/tmp_UnusedLocalVariablesTransformer/operations.py.
2026-09-14 22:35:38,747 - greencoderefactor - INFO - Transformation log appended for /home/carlos/Escritorio/BENEVOL/results/iteration23/repo/operations.py.
2026-09-14 22:35:38,747 - greencoderefactor - INFO - Changes detected. Transformed file written to: /home/carlos/Escritorio/BENEVOL/results/iteration23/tmp_UnusedLocalVariablesTransformer/operations.py
2026-09-14 22:35:38,747 - greencoderefactor - INFO - Refactor completed successfully
2026-09-14 22:35:38,747 - greencoderefactor - INFO - Refactor completed successfully. Output directory: /home/carlos/Escritorio/BENEVOL/results/iteration23/tmp_UnusedLocalVariablesTransformer
2026-09-14 22:35:38,780 - greencoderefactor - INFO - Starting refactor for directory: /home/carlos/Escritorio/BENEVOL/results/iteration23/repo
2026-09-14 22:35:38,780 - greencoderefactor - INFO - Using provided output directory: /home/carlos/Escritorio/BENEVOL/results/iteration23/tmp_UnusedAssignmentTransformer
2026-09-14 22:35:38,780 - greencoderefactor - INFO - Transforming file: /home/carlos/Escritorio/BENEVOL/results/iteration23/repo/process_data.py
2026-09-14 22:35:38,780 - greencoderefactor - INFO - Selected transformers: ['UnusedAssignmentTransformer']
2026-09-14 22:35:38,780 - greencoderefactor - INFO - Reading file /home/carlos/Escritorio/BENEVOL/results/iteration23/repo/process_data.py for transformation.
2026-09-14 22:35:38,781 - greencoderefactor - INFO - Transformation log appended for /home/carlos/Escritorio/BENEVOL/results/iteration23/repo/process_data.py.
2026-09-14 22:35:38,781 - greencoderefactor - INFO - No transformations applied. Copied original file: /home/carlos/Escritorio/BENEVOL/results/iteration23/repo/process_data.py
2026-09-14 22:35:38,781 - greencoderefactor - INFO - Transforming file: /home/carlos/Escritorio/BENEVOL/results/iteration23/repo/test_data.py
2026-09-14 22:35:38,781 - greencoderefactor - INFO - Selected transformers: ['UnusedAssignmentTransformer']
2026-09-14 22:35:38,781 - greencoderefactor - INFO - Reading file /home/carlos/Escritorio/BENEVOL/results/iteration23/repo/test_data.py for transformation.
2026-09-14 22:35:38,782 - greencoderefactor - INFO - Transformation log appended for /home/carlos/Escritorio/BENEVOL/results/iteration23/repo/test_data.py.
2026-09-14 22:35:38,782 - greencoderefactor - INFO - No transformations applied. Copied original file: /home/carlos/Escritorio/BENEVOL/results/iteration23/repo/test_data.py
2026-09-14 22:35:38,782 - greencoderefactor - INFO - Transforming file: /home/carlos/Escritorio/BENEVOL/results/iteration23/repo/operations.py
2026-09-14 22:35:38,782 - greencoderefactor - INFO - Selected transformers: ['UnusedAssignmentTransformer']
2026-09-14 22:35:38,782 - greencoderefactor - INFO - Reading file /home/carlos/Escritorio/BENEVOL/results/iteration23/repo/operations.py for transformation.
2026-09-14 22:35:38,782 - greencoderefactor - INFO - Transformation log appended for /home/carlos/Escritorio/BENEVOL/results/iteration23/repo/operations.py.
2026-09-14 22:35:38,782 - greencoderefactor - INFO - No transformations applied. Copied original file: /home/carlos/Escritorio/BENEVOL/results/iteration23/repo/operations.py
2026-09-14 22:35:38,782 - greencoderefactor - INFO - No code changes detected
2026-09-14 22:35:38,782 - greencoderefactor - INFO - Refactor completed successfully. Output directory: /home/carlos/Escritorio/BENEVOL/results/iteration23/tmp_UnusedAssignmentTransformer
2026-09-14 22:35:38,814 - greencoderefactor - INFO - Starting refactor for directory: /home/carlos/Escritorio/BENEVOL/results/iteration24/repo
2026-09-14 22:35:38,814 - greencoderefactor - INFO - Using provided output directory: /home/carlos/Escritorio/BENEVOL/results/iteration24/tmp_ExplicitRaiseToExceptBodyTransformer
2026-09-14 22:35:38,814 - greencoderefactor - INFO - Transforming file: /home/carlos/Escritorio/BENEVOL/results/iteration24/repo/process_data.py
2026-09-14 22:35:38,814 - greencoderefactor - INFO - Selected transformers: ['ExplicitRaiseToExceptBodyTransformer']
2026-09-14 22:35:38,814 - greencoderefactor - INFO - Reading file /home/carlos/Escritorio/BENEVOL/results/iteration24/repo/process_data.py for transformation.
2026-09-14 22:35:38,815 - greencoderefactor - INFO - Transformation log appended for /home/carlos/Escritorio/BENEVOL/results/iteration24/repo/process_data.py.
2026-09-14 22:35:38,815 - greencoderefactor - INFO - No transformations applied. Copied original file: /home/carlos/Escritorio/BENEVOL/results/iteration24/repo/process_data.py
2026-09-14 22:35:38,815 - greencoderefactor - INFO - Transforming file: /home/carlos/Escritorio/BENEVOL/results/iteration24/repo/test_data.py
2026-09-14 22:35:38,815 - greencoderefactor - INFO - Selected transformers: ['ExplicitRaiseToExceptBodyTransformer']
2026-09-14 22:35:38,815 - greencoderefactor - INFO - Reading file /home/carlos/Escritorio/BENEVOL/results/iteration24/repo/test_data.py for transformation.
2026-09-14 22:35:38,816 - greencoderefactor - INFO - Transformation log appended for /home/carlos/Escritorio/BENEVOL/results/iteration24/repo/test_data.py.
2026-09-14 22:35:38,816 - greencoderefactor - INFO - No transformations applied. Copied original file: /home/carlos/Escritorio/BENEVOL/results/iteration24/repo/test_data.py
2026-09-14 22:35:38,816 - greencoderefactor - INFO - Transforming file: /home/carlos/Escritorio/BENEVOL/results/iteration24/repo/operations.py
2026-09-14 22:35:38,816 - greencoderefactor - INFO - Selected transformers: ['ExplicitRaiseToExceptBodyTransformer']
2026-09-14 22:35:38,816 - greencoderefactor - INFO - Reading file /home/carlos/Escritorio/BENEVOL/results/iteration24/repo/operations.py for transformation.
2026-09-14 22:35:38,816 - greencoderefactor - INFO - Transformation log appended for /home/carlos/Escritorio/BENEVOL/results/iteration24/repo/operations.py.
2026-09-14 22:35:38,816 - greencoderefactor - INFO - No transformations applied. Copied original file: /home/carlos/Escritorio/BENEVOL/results/iteration24/repo/operations.py
2026-09-14 22:35:38,816 - greencoderefactor - INFO - No code changes detected
2026-09-14 22:35:38,816 - greencoderefactor - INFO - Refactor completed successfully. Output directory: /home/carlos/Escritorio/BENEVOL/results/iteration24/tmp_ExplicitRaiseToExceptBodyTransformer
2026-09-14 22:35:38,849 - greencoderefactor - INFO - Starting refactor for directory: /home/carlos/Escritorio/BENEVOL/results/iteration24/repo
2026-09-14 22:35:38,849 - greencoderefactor - INFO - Using provided output directory: /home/carlos/Escritorio/BENEVOL/results/iteration24/tmp_UnusedLocalVariablesTransformer
2026-09-14 22:35:38,849 - greencoderefactor - INFO - Transforming file: /home/carlos/Escritorio/BENEVOL/results/iteration24/repo/process_data.py
2026-09-14 22:35:38,849 - greencoderefactor - INFO - Selected transformers: ['UnusedLocalVariablesTransformer']
2026-09-14 22:35:38,850 - greencoderefactor - INFO - Reading file /home/carlos/Escritorio/BENEVOL/results/iteration24/repo/process_data.py for transformation.
2026-09-14 22:35:38,851 - greencoderefactor - INFO - Transformation log appended for /home/carlos/Escritorio/BENEVOL/results/iteration24/repo/process_data.py.
2026-09-14 22:35:38,851 - greencoderefactor - INFO - No transformations applied. Copied original file: /home/carlos/Escritorio/BENEVOL/results/iteration24/repo/process_data.py
2026-09-14 22:35:38,851 - greencoderefactor - INFO - Transforming file: /home/carlos/Escritorio/BENEVOL/results/iteration24/repo/test_data.py
2026-09-14 22:35:38,851 - greencoderefactor - INFO - Selected transformers: ['UnusedLocalVariablesTransformer']
2026-09-14 22:35:38,851 - greencoderefactor - INFO - Reading file /home/carlos/Escritorio/BENEVOL/results/iteration24/repo/test_data.py for transformation.
2026-09-14 22:35:38,851 - greencoderefactor - INFO - Transformation log appended for /home/carlos/Escritorio/BENEVOL/results/iteration24/repo/test_data.py.
2026-09-14 22:35:38,851 - greencoderefactor - INFO - No transformations applied. Copied original file: /home/carlos/Escritorio/BENEVOL/results/iteration24/repo/test_data.py
2026-09-14 22:35:38,851 - greencoderefactor - INFO - Transforming file: /home/carlos/Escritorio/BENEVOL/results/iteration24/repo/operations.py
2026-09-14 22:35:38,851 - greencoderefactor - INFO - Selected transformers: ['UnusedLocalVariablesTransformer']
2026-09-14 22:35:38,851 - greencoderefactor - INFO - Reading file /home/carlos/Escritorio/BENEVOL/results/iteration24/repo/operations.py for transformation.
2026-09-14 22:35:38,852 - greencoderefactor - INFO - Transformation log appended for /home/carlos/Escritorio/BENEVOL/results/iteration24/repo/operations.py.
2026-09-14 22:35:38,852 - greencoderefactor - INFO - No transformations applied. Copied original file: /home/carlos/Escritorio/BENEVOL/results/iteration24/repo/operations.py
2026-09-14 22:35:38,852 - greencoderefactor - INFO - No code changes detected
2026-09-14 22:35:38,852 - greencoderefactor - INFO - Refactor completed successfully. Output directory: /home/carlos/Escritorio/BENEVOL/results/iteration24/tmp_UnusedLocalVariablesTransformer
2026-09-14 22:35:38,883 - greencoderefactor - INFO - Starting refactor for directory: /home/carlos/Escritorio/BENEVOL/results/iteration24/repo
2026-09-14 22:35:38,883 - greencoderefactor - INFO - Using provided output directory: /home/carlos/Escritorio/BENEVOL/results/iteration24/tmp_UnusedAssignmentTransformer
2026-09-14 22:35:38,883 - greencoderefactor - INFO - Transforming file: /home/carlos/Escritorio/BENEVOL/results/iteration24/repo/process_data.py
2026-09-14 22:35:38,884 - greencoderefactor - INFO - Selected transformers: ['UnusedAssignmentTransformer']
2026-09-14 22:35:38,884 - greencoderefactor - INFO - Reading file /home/carlos/Escritorio/BENEVOL/results/iteration24/repo/process_data.py for transformation.
2026-09-14 22:35:38,885 - greencoderefactor - INFO - Transformation log appended for /home/carlos/Escritorio/BENEVOL/results/iteration24/repo/process_data.py.
2026-09-14 22:35:38,885 - greencoderefactor - INFO - No transformations applied. Copied original file: /home/carlos/Escritorio/BENEVOL/results/iteration24/repo/process_data.py
2026-09-14 22:35:38,885 - greencoderefactor - INFO - Transforming file: /home/carlos/Escritorio/BENEVOL/results/iteration24/repo/test_data.py
2026-09-14 22:35:38,885 - greencoderefactor - INFO - Selected transformers: ['UnusedAssignmentTransformer']
2026-09-14 22:35:38,885 - greencoderefactor - INFO - Reading file /home/carlos/Escritorio/BENEVOL/results/iteration24/repo/test_data.py for transformation.
2026-09-14 22:35:38,885 - greencoderefactor - INFO - Transformation log appended for /home/carlos/Escritorio/BENEVOL/results/iteration24/repo/test_data.py.
2026-09-14 22:35:38,885 - greencoderefactor - INFO - No transformations applied. Copied original file: /home/carlos/Escritorio/BENEVOL/results/iteration24/repo/test_data.py
2026-09-14 22:35:38,885 - greencoderefactor - INFO - Transforming file: /home/carlos/Escritorio/BENEVOL/results/iteration24/repo/operations.py
2026-09-14 22:35:38,885 - greencoderefactor - INFO - Selected transformers: ['UnusedAssignmentTransformer']
2026-09-14 22:35:38,885 - greencoderefactor - INFO - Reading file /home/carlos/Escritorio/BENEVOL/results/iteration24/repo/operations.py for transformation.
2026-09-14 22:35:38,885 - greencoderefactor - INFO - Transformation log appended for /home/carlos/Escritorio/BENEVOL/results/iteration24/repo/operations.py.
2026-09-14 22:35:38,885 - greencoderefactor - INFO - No transformations applied. Copied original file: /home/carlos/Escritorio/BENEVOL/results/iteration24/repo/operations.py
2026-09-14 22:35:38,886 - greencoderefactor - INFO - No code changes detected
2026-09-14 22:35:38,886 - greencoderefactor - INFO - Refactor completed successfully. Output directory: /home/carlos/Escritorio/BENEVOL/results/iteration24/tmp_UnusedAssignmentTransformer
2026-09-14 22:35:38,920 - greencoderefactor - INFO - Starting refactor for directory: /home/carlos/Escritorio/BENEVOL/results/iteration25/repo
2026-09-14 22:35:38,921 - greencoderefactor - INFO - Using provided output directory: /home/carlos/Escritorio/BENEVOL/results/iteration25/tmp_ExplicitRaiseToExceptBodyTransformer
2026-09-14 22:35:38,921 - greencoderefactor - INFO - Transforming file: /home/carlos/Escritorio/BENEVOL/results/iteration25/repo/process_data.py
2026-09-14 22:35:38,921 - greencoderefactor - INFO - Selected transformers: ['ExplicitRaiseToExceptBodyTransformer']
2026-09-14 22:35:38,921 - greencoderefactor - INFO - Reading file /home/carlos/Escritorio/BENEVOL/results/iteration25/repo/process_data.py for transformation.
2026-09-14 22:35:38,922 - greencoderefactor - INFO - Transformation log appended for /home/carlos/Escritorio/BENEVOL/results/iteration25/repo/process_data.py.
2026-09-14 22:35:38,922 - greencoderefactor - INFO - No transformations applied. Copied original file: /home/carlos/Escritorio/BENEVOL/results/iteration25/repo/process_data.py
2026-09-14 22:35:38,922 - greencoderefactor - INFO - Transforming file: /home/carlos/Escritorio/BENEVOL/results/iteration25/repo/test_data.py
2026-09-14 22:35:38,922 - greencoderefactor - INFO - Selected transformers: ['ExplicitRaiseToExceptBodyTransformer']
2026-09-14 22:35:38,922 - greencoderefactor - INFO - Reading file /home/carlos/Escritorio/BENEVOL/results/iteration25/repo/test_data.py for transformation.
2026-09-14 22:35:38,922 - greencoderefactor - INFO - Transformation log appended for /home/carlos/Escritorio/BENEVOL/results/iteration25/repo/test_data.py.
2026-09-14 22:35:38,922 - greencoderefactor - INFO - No transformations applied. Copied original file: /home/carlos/Escritorio/BENEVOL/results/iteration25/repo/test_data.py
2026-09-14 22:35:38,922 - greencoderefactor - INFO - Transforming file: /home/carlos/Escritorio/BENEVOL/results/iteration25/repo/operations.py
2026-09-14 22:35:38,922 - greencoderefactor - INFO - Selected transformers: ['ExplicitRaiseToExceptBodyTransformer']
2026-09-14 22:35:38,922 - greencoderefactor - INFO - Reading file /home/carlos/Escritorio/BENEVOL/results/iteration25/repo/operations.py for transformation.
2026-09-14 22:35:38,923 - greencoderefactor - INFO - Transformation log appended for /home/carlos/Escritorio/BENEVOL/results/iteration25/repo/operations.py.
2026-09-14 22:35:38,923 - greencoderefactor - INFO - No transformations applied. Copied original file: /home/carlos/Escritorio/BENEVOL/results/iteration25/repo/operations.py
2026-09-14 22:35:38,923 - greencoderefactor - INFO - No code changes detected
2026-09-14 22:35:38,923 - greencoderefactor - INFO - Refactor completed successfully. Output directory: /home/carlos/Escritorio/BENEVOL/results/iteration25/tmp_ExplicitRaiseToExceptBodyTransformer
2026-09-14 22:35:38,956 - greencoderefactor - INFO - Starting refactor for directory: /home/carlos/Escritorio/BENEVOL/results/iteration25/repo
2026-09-14 22:35:38,956 - greencoderefactor - INFO - Using provided output directory: /home/carlos/Escritorio/BENEVOL/results/iteration25/tmp_UnusedLocalVariablesTransformer
2026-09-14 22:35:38,956 - greencoderefactor - INFO - Transforming file: /home/carlos/Escritorio/BENEVOL/results/iteration25/repo/process_data.py
2026-09-14 22:35:38,956 - greencoderefactor - INFO - Selected transformers: ['UnusedLocalVariablesTransformer']
2026-09-14 22:35:38,956 - greencoderefactor - INFO - Reading file /home/carlos/Escritorio/BENEVOL/results/iteration25/repo/process_data.py for transformation.
2026-09-14 22:35:38,957 - greencoderefactor - INFO - Transformation log appended for /home/carlos/Escritorio/BENEVOL/results/iteration25/repo/process_data.py.
2026-09-14 22:35:38,957 - greencoderefactor - INFO - No transformations applied. Copied original file: /home/carlos/Escritorio/BENEVOL/results/iteration25/repo/process_data.py
2026-09-14 22:35:38,957 - greencoderefactor - INFO - Transforming file: /home/carlos/Escritorio/BENEVOL/results/iteration25/repo/test_data.py
2026-09-14 22:35:38,957 - greencoderefactor - INFO - Selected transformers: ['UnusedLocalVariablesTransformer']
2026-09-14 22:35:38,957 - greencoderefactor - INFO - Reading file /home/carlos/Escritorio/BENEVOL/results/iteration25/repo/test_data.py for transformation.
2026-09-14 22:35:38,958 - greencoderefactor - INFO - Transformation log appended for /home/carlos/Escritorio/BENEVOL/results/iteration25/repo/test_data.py.
2026-09-14 22:35:38,958 - greencoderefactor - INFO - No transformations applied. Copied original file: /home/carlos/Escritorio/BENEVOL/results/iteration25/repo/test_data.py
2026-09-14 22:35:38,958 - greencoderefactor - INFO - Transforming file: /home/carlos/Escritorio/BENEVOL/results/iteration25/repo/operations.py
2026-09-14 22:35:38,958 - greencoderefactor - INFO - Selected transformers: ['UnusedLocalVariablesTransformer']
2026-09-14 22:35:38,958 - greencoderefactor - INFO - Reading file /home/carlos/Escritorio/BENEVOL/results/iteration25/repo/operations.py for transformation.
2026-09-14 22:35:38,958 - greencoderefactor - INFO - Transformation log appended for /home/carlos/Escritorio/BENEVOL/results/iteration25/repo/operations.py.
2026-09-14 22:35:38,958 - greencoderefactor - INFO - No transformations applied. Copied original file: /home/carlos/Escritorio/BENEVOL/results/iteration25/repo/operations.py
2026-09-14 22:35:38,958 - greencoderefactor - INFO - No code changes detected
2026-09-14 22:35:38,958 - greencoderefactor - INFO - Refactor completed successfully. Output directory: /home/carlos/Escritorio/BENEVOL/results/iteration25/tmp_UnusedLocalVariablesTransformer
2026-09-14 22:35:38,990 - greencoderefactor - INFO - Starting refactor for directory: /home/carlos/Escritorio/BENEVOL/results/iteration25/repo
2026-09-14 22:35:38,990 - greencoderefactor - INFO - Using provided output directory: /home/carlos/Escritorio/BENEVOL/results/iteration25/tmp_UnusedAssignmentTransformer
2026-09-14 22:35:38,990 - greencoderefactor - INFO - Transforming file: /home/carlos/Escritorio/BENEVOL/results/iteration25/repo/process_data.py
2026-09-14 22:35:38,990 - greencoderefactor - INFO - Selected transformers: ['UnusedAssignmentTransformer']
2026-09-14 22:35:38,990 - greencoderefactor - INFO - Reading file /home/carlos/Escritorio/BENEVOL/results/iteration25/repo/process_data.py for transformation.
2026-09-14 22:35:38,991 - greencoderefactor - INFO - Transformation log appended for /home/carlos/Escritorio/BENEVOL/results/iteration25/repo/process_data.py.
2026-09-14 22:35:38,991 - greencoderefactor - INFO - No transformations applied. Copied original file: /home/carlos/Escritorio/BENEVOL/results/iteration25/repo/process_data.py
2026-09-14 22:35:38,991 - greencoderefactor - INFO - Transforming file: /home/carlos/Escritorio/BENEVOL/results/iteration25/repo/test_data.py
2026-09-14 22:35:38,991 - greencoderefactor - INFO - Selected transformers: ['UnusedAssignmentTransformer']
2026-09-14 22:35:38,991 - greencoderefactor - INFO - Reading file /home/carlos/Escritorio/BENEVOL/results/iteration25/repo/test_data.py for transformation.
2026-09-14 22:35:38,991 - greencoderefactor - INFO - Transformation log appended for /home/carlos/Escritorio/BENEVOL/results/iteration25/repo/test_data.py.
2026-09-14 22:35:38,991 - greencoderefactor - INFO - No transformations applied. Copied original file: /home/carlos/Escritorio/BENEVOL/results/iteration25/repo/test_data.py
2026-09-14 22:35:38,991 - greencoderefactor - INFO - Transforming file: /home/carlos/Escritorio/BENEVOL/results/iteration25/repo/operations.py
2026-09-14 22:35:38,991 - greencoderefactor - INFO - Selected transformers: ['UnusedAssignmentTransformer']
2026-09-14 22:35:38,991 - greencoderefactor - INFO - Reading file /home/carlos/Escritorio/BENEVOL/results/iteration25/repo/operations.py for transformation.
2026-09-14 22:35:38,992 - greencoderefactor - INFO - Transformation log appended for /home/carlos/Escritorio/BENEVOL/results/iteration25/repo/operations.py.
2026-09-14 22:35:38,992 - greencoderefactor - INFO - No transformations applied. Copied original file: /home/carlos/Escritorio/BENEVOL/results/iteration25/repo/operations.py
2026-09-14 22:35:38,992 - greencoderefactor - INFO - No code changes detected
2026-09-14 22:35:38,992 - greencoderefactor - INFO - Refactor completed successfully. Output directory: /home/carlos/Escritorio/BENEVOL/results/iteration25/tmp_UnusedAssignmentTransformer
2026-09-14 22:35:39,025 - greencoderefactor - INFO - Starting refactor for directory: /home/carlos/Escritorio/BENEVOL/results/iteration26/repo
2026-09-14 22:35:39,025 - greencoderefactor - INFO - Using provided output directory: /home/carlos/Escritorio/BENEVOL/results/iteration26/tmp_ExplicitRaiseToExceptBodyTransformer
2026-09-14 22:35:39,025 - greencoderefactor - INFO - Transforming file: /home/carlos/Escritorio/BENEVOL/results/iteration26/repo/process_data.py
2026-09-14 22:35:39,025 - greencoderefactor - INFO - Selected transformers: ['ExplicitRaiseToExceptBodyTransformer']
2026-09-14 22:35:39,025 - greencoderefactor - INFO - Reading file /home/carlos/Escritorio/BENEVOL/results/iteration26/repo/process_data.py for transformation.
2026-09-14 22:35:39,026 - greencoderefactor - INFO - Transformation log appended for /home/carlos/Escritorio/BENEVOL/results/iteration26/repo/process_data.py.
2026-09-14 22:35:39,027 - greencoderefactor - INFO - No transformations applied. Copied original file: /home/carlos/Escritorio/BENEVOL/results/iteration26/repo/process_data.py
2026-09-14 22:35:39,027 - greencoderefactor - INFO - Transforming file: /home/carlos/Escritorio/BENEVOL/results/iteration26/repo/test_data.py
2026-09-14 22:35:39,027 - greencoderefactor - INFO - Selected transformers: ['ExplicitRaiseToExceptBodyTransformer']
2026-09-14 22:35:39,027 - greencoderefactor - INFO - Reading file /home/carlos/Escritorio/BENEVOL/results/iteration26/repo/test_data.py for transformation.
2026-09-14 22:35:39,027 - greencoderefactor - INFO - Transformation log appended for /home/carlos/Escritorio/BENEVOL/results/iteration26/repo/test_data.py.
2026-09-14 22:35:39,027 - greencoderefactor - INFO - No transformations applied. Copied original file: /home/carlos/Escritorio/BENEVOL/results/iteration26/repo/test_data.py
2026-09-14 22:35:39,027 - greencoderefactor - INFO - Transforming file: /home/carlos/Escritorio/BENEVOL/results/iteration26/repo/operations.py
2026-09-14 22:35:39,027 - greencoderefactor - INFO - Selected transformers: ['ExplicitRaiseToExceptBodyTransformer']
2026-09-14 22:35:39,027 - greencoderefactor - INFO - Reading file /home/carlos/Escritorio/BENEVOL/results/iteration26/repo/operations.py for transformation.
2026-09-14 22:35:39,027 - greencoderefactor - INFO - Transformation log appended for /home/carlos/Escritorio/BENEVOL/results/iteration26/repo/operations.py.
2026-09-14 22:35:39,027 - greencoderefactor - INFO - No transformations applied. Copied original file: /home/carlos/Escritorio/BENEVOL/results/iteration26/repo/operations.py
2026-09-14 22:35:39,027 - greencoderefactor - INFO - No code changes detected
2026-09-14 22:35:39,028 - greencoderefactor - INFO - Refactor completed successfully. Output directory: /home/carlos/Escritorio/BENEVOL/results/iteration26/tmp_ExplicitRaiseToExceptBodyTransformer
2026-09-14 22:35:39,061 - greencoderefactor - INFO - Starting refactor for directory: /home/carlos/Escritorio/BENEVOL/results/iteration26/repo
2026-09-14 22:35:39,061 - greencoderefactor - INFO - Using provided output directory: /home/carlos/Escritorio/BENEVOL/results/iteration26/tmp_UnusedLocalVariablesTransformer
2026-09-14 22:35:39,061 - greencoderefactor - INFO - Transforming file: /home/carlos/Escritorio/BENEVOL/results/iteration26/repo/process_data.py
2026-09-14 22:35:39,061 - greencoderefactor - INFO - Selected transformers: ['UnusedLocalVariablesTransformer']
2026-09-14 22:35:39,061 - greencoderefactor - INFO - Reading file /home/carlos/Escritorio/BENEVOL/results/iteration26/repo/process_data.py for transformation.
2026-09-14 22:35:39,062 - greencoderefactor - INFO - Transformation log appended for /home/carlos/Escritorio/BENEVOL/results/iteration26/repo/process_data.py.
2026-09-14 22:35:39,062 - greencoderefactor - INFO - No transformations applied. Copied original file: /home/carlos/Escritorio/BENEVOL/results/iteration26/repo/process_data.py
2026-09-14 22:35:39,062 - greencoderefactor - INFO - Transforming file: /home/carlos/Escritorio/BENEVOL/results/iteration26/repo/test_data.py
2026-09-14 22:35:39,062 - greencoderefactor - INFO - Selected transformers: ['UnusedLocalVariablesTransformer']
2026-09-14 22:35:39,062 - greencoderefactor - INFO - Reading file /home/carlos/Escritorio/BENEVOL/results/iteration26/repo/test_data.py for transformation.
2026-09-14 22:35:39,062 - greencoderefactor - INFO - Transformation log appended for /home/carlos/Escritorio/BENEVOL/results/iteration26/repo/test_data.py.
2026-09-14 22:35:39,063 - greencoderefactor - INFO - No transformations applied. Copied original file: /home/carlos/Escritorio/BENEVOL/results/iteration26/repo/test_data.py
2026-09-14 22:35:39,063 - greencoderefactor - INFO - Transforming file: /home/carlos/Escritorio/BENEVOL/results/iteration26/repo/operations.py
2026-09-14 22:35:39,063 - greencoderefactor - INFO - Selected transformers: ['UnusedLocalVariablesTransformer']
2026-09-14 22:35:39,063 - greencoderefactor - INFO - Reading file /home/carlos/Escritorio/BENEVOL/results/iteration26/repo/operations.py for transformation.
2026-09-14 22:35:39,063 - greencoderefactor - INFO - Transformation log appended for /home/carlos/Escritorio/BENEVOL/results/iteration26/repo/operations.py.
2026-09-14 22:35:39,063 - greencoderefactor - INFO - No transformations applied. Copied original file: /home/carlos/Escritorio/BENEVOL/results/iteration26/repo/operations.py
2026-09-14 22:35:39,063 - greencoderefactor - INFO - No code changes detected
2026-09-14 22:35:39,063 - greencoderefactor - INFO - Refactor completed successfully. Output directory: /home/carlos/Escritorio/BENEVOL/results/iteration26/tmp_UnusedLocalVariablesTransformer
2026-09-14 22:35:39,095 - greencoderefactor - INFO - Starting refactor for directory: /home/carlos/Escritorio/BENEVOL/results/iteration26/repo
2026-09-14 22:35:39,095 - greencoderefactor - INFO - Using provided output directory: /home/carlos/Escritorio/BENEVOL/results/iteration26/tmp_UnusedAssignmentTransformer
2026-09-14 22:35:39,095 - greencoderefactor - INFO - Transforming file: /home/carlos/Escritorio/BENEVOL/results/iteration26/repo/process_data.py
2026-09-14 22:35:39,095 - greencoderefactor - INFO - Selected transformers: ['UnusedAssignmentTransformer']
2026-09-14 22:35:39,095 - greencoderefactor - INFO - Reading file /home/carlos/Escritorio/BENEVOL/results/iteration26/repo/process_data.py for transformation.
2026-09-14 22:35:39,096 - greencoderefactor - INFO - Transformation log appended for /home/carlos/Escritorio/BENEVOL/results/iteration26/repo/process_data.py.
2026-09-14 22:35:39,096 - greencoderefactor - INFO - No transformations applied. Copied original file: /home/carlos/Escritorio/BENEVOL/results/iteration26/repo/process_data.py
2026-09-14 22:35:39,096 - greencoderefactor - INFO - Transforming file: /home/carlos/Escritorio/BENEVOL/results/iteration26/repo/test_data.py
2026-09-14 22:35:39,096 - greencoderefactor - INFO - Selected transformers: ['UnusedAssignmentTransformer']
2026-09-14 22:35:39,096 - greencoderefactor - INFO - Reading file /home/carlos/Escritorio/BENEVOL/results/iteration26/repo/test_data.py for transformation.
2026-09-14 22:35:39,097 - greencoderefactor - INFO - Transformation log appended for /home/carlos/Escritorio/BENEVOL/results/iteration26/repo/test_data.py.
2026-09-14 22:35:39,097 - greencoderefactor - INFO - No transformations applied. Copied original file: /home/carlos/Escritorio/BENEVOL/results/iteration26/repo/test_data.py
2026-09-14 22:35:39,097 - greencoderefactor - INFO - Transforming file: /home/carlos/Escritorio/BENEVOL/results/iteration26/repo/operations.py
2026-09-14 22:35:39,097 - greencoderefactor - INFO - Selected transformers: ['UnusedAssignmentTransformer']
2026-09-14 22:35:39,097 - greencoderefactor - INFO - Reading file /home/carlos/Escritorio/BENEVOL/results/iteration26/repo/operations.py for transformation.
2026-09-14 22:35:39,097 - greencoderefactor - INFO - Transformation log appended for /home/carlos/Escritorio/BENEVOL/results/iteration26/repo/operations.py.
2026-09-14 22:35:39,097 - greencoderefactor - INFO - No transformations applied. Copied original file: /home/carlos/Escritorio/BENEVOL/results/iteration26/repo/operations.py
2026-09-14 22:35:39,097 - greencoderefactor - INFO - No code changes detected
2026-09-14 22:35:39,097 - greencoderefactor - INFO - Refactor completed successfully. Output directory: /home/carlos/Escritorio/BENEVOL/results/iteration26/tmp_UnusedAssignmentTransformer
2026-09-14 22:35:39,133 - greencoderefactor - INFO - Starting refactor for directory: /home/carlos/Escritorio/BENEVOL/results/iteration27/repo
2026-09-14 22:35:39,133 - greencoderefactor - INFO - Using provided output directory: /home/carlos/Escritorio/BENEVOL/results/iteration27/tmp_ExplicitRaiseToExceptBodyTransformer
2026-09-14 22:35:39,133 - greencoderefactor - INFO - Transforming file: /home/carlos/Escritorio/BENEVOL/results/iteration27/repo/process_data.py
2026-09-14 22:35:39,133 - greencoderefactor - INFO - Selected transformers: ['ExplicitRaiseToExceptBodyTransformer']
2026-09-14 22:35:39,133 - greencoderefactor - INFO - Reading file /home/carlos/Escritorio/BENEVOL/results/iteration27/repo/process_data.py for transformation.
2026-09-14 22:35:39,134 - greencoderefactor - INFO - Transformation log appended for /home/carlos/Escritorio/BENEVOL/results/iteration27/repo/process_data.py.
2026-09-14 22:35:39,134 - greencoderefactor - INFO - No transformations applied. Copied original file: /home/carlos/Escritorio/BENEVOL/results/iteration27/repo/process_data.py
2026-09-14 22:35:39,134 - greencoderefactor - INFO - Transforming file: /home/carlos/Escritorio/BENEVOL/results/iteration27/repo/test_data.py
2026-09-14 22:35:39,134 - greencoderefactor - INFO - Selected transformers: ['ExplicitRaiseToExceptBodyTransformer']
2026-09-14 22:35:39,134 - greencoderefactor - INFO - Reading file /home/carlos/Escritorio/BENEVOL/results/iteration27/repo/test_data.py for transformation.
2026-09-14 22:35:39,134 - greencoderefactor - INFO - Transformation log appended for /home/carlos/Escritorio/BENEVOL/results/iteration27/repo/test_data.py.
2026-09-14 22:35:39,134 - greencoderefactor - INFO - No transformations applied. Copied original file: /home/carlos/Escritorio/BENEVOL/results/iteration27/repo/test_data.py
2026-09-14 22:35:39,135 - greencoderefactor - INFO - Transforming file: /home/carlos/Escritorio/BENEVOL/results/iteration27/repo/operations.py
2026-09-14 22:35:39,135 - greencoderefactor - INFO - Selected transformers: ['ExplicitRaiseToExceptBodyTransformer']
2026-09-14 22:35:39,135 - greencoderefactor - INFO - Reading file /home/carlos/Escritorio/BENEVOL/results/iteration27/repo/operations.py for transformation.
2026-09-14 22:35:39,135 - greencoderefactor - INFO - Transformation log appended for /home/carlos/Escritorio/BENEVOL/results/iteration27/repo/operations.py.
2026-09-14 22:35:39,135 - greencoderefactor - INFO - No transformations applied. Copied original file: /home/carlos/Escritorio/BENEVOL/results/iteration27/repo/operations.py
2026-09-14 22:35:39,135 - greencoderefactor - INFO - No code changes detected
2026-09-14 22:35:39,135 - greencoderefactor - INFO - Refactor completed successfully. Output directory: /home/carlos/Escritorio/BENEVOL/results/iteration27/tmp_ExplicitRaiseToExceptBodyTransformer
2026-09-14 22:35:39,167 - greencoderefactor - INFO - Starting refactor for directory: /home/carlos/Escritorio/BENEVOL/results/iteration27/repo
2026-09-14 22:35:39,168 - greencoderefactor - INFO - Using provided output directory: /home/carlos/Escritorio/BENEVOL/results/iteration27/tmp_UnusedLocalVariablesTransformer
2026-09-14 22:35:39,168 - greencoderefactor - INFO - Transforming file: /home/carlos/Escritorio/BENEVOL/results/iteration27/repo/process_data.py
2026-09-14 22:35:39,168 - greencoderefactor - INFO - Selected transformers: ['UnusedLocalVariablesTransformer']
2026-09-14 22:35:39,168 - greencoderefactor - INFO - Reading file /home/carlos/Escritorio/BENEVOL/results/iteration27/repo/process_data.py for transformation.
2026-09-14 22:35:39,169 - greencoderefactor - INFO - Transformation log appended for /home/carlos/Escritorio/BENEVOL/results/iteration27/repo/process_data.py.
2026-09-14 22:35:39,169 - greencoderefactor - INFO - No transformations applied. Copied original file: /home/carlos/Escritorio/BENEVOL/results/iteration27/repo/process_data.py
2026-09-14 22:35:39,169 - greencoderefactor - INFO - Transforming file: /home/carlos/Escritorio/BENEVOL/results/iteration27/repo/test_data.py
2026-09-14 22:35:39,169 - greencoderefactor - INFO - Selected transformers: ['UnusedLocalVariablesTransformer']
2026-09-14 22:35:39,169 - greencoderefactor - INFO - Reading file /home/carlos/Escritorio/BENEVOL/results/iteration27/repo/test_data.py for transformation.
2026-09-14 22:35:39,169 - greencoderefactor - INFO - Transformation log appended for /home/carlos/Escritorio/BENEVOL/results/iteration27/repo/test_data.py.
2026-09-14 22:35:39,169 - greencoderefactor - INFO - No transformations applied. Copied original file: /home/carlos/Escritorio/BENEVOL/results/iteration27/repo/test_data.py
2026-09-14 22:35:39,169 - greencoderefactor - INFO - Transforming file: /home/carlos/Escritorio/BENEVOL/results/iteration27/repo/operations.py
2026-09-14 22:35:39,169 - greencoderefactor - INFO - Selected transformers: ['UnusedLocalVariablesTransformer']
2026-09-14 22:35:39,169 - greencoderefactor - INFO - Reading file /home/carlos/Escritorio/BENEVOL/results/iteration27/repo/operations.py for transformation.
2026-09-14 22:35:39,169 - greencoderefactor - INFO - Applied rule: UnusedLocalVariablesTransformer: Removed unused variable 'y' at line 6
2026-09-14 22:35:39,170 - greencoderefactor - INFO - Changes detected in /home/carlos/Escritorio/BENEVOL/results/iteration27/repo/operations.py, writing transformed code to /home/carlos/Escritorio/BENEVOL/results/iteration27/tmp_UnusedLocalVariablesTransformer/operations.py.
2026-09-14 22:35:39,170 - greencoderefactor - INFO - Transformation log appended for /home/carlos/Escritorio/BENEVOL/results/iteration27/repo/operations.py.
2026-09-14 22:35:39,170 - greencoderefactor - INFO - Changes detected. Transformed file written to: /home/carlos/Escritorio/BENEVOL/results/iteration27/tmp_UnusedLocalVariablesTransformer/operations.py
2026-09-14 22:35:39,170 - greencoderefactor - INFO - Refactor completed successfully
2026-09-14 22:35:39,170 - greencoderefactor - INFO - Refactor completed successfully. Output directory: /home/carlos/Escritorio/BENEVOL/results/iteration27/tmp_UnusedLocalVariablesTransformer
2026-09-14 22:35:39,203 - greencoderefactor - INFO - Starting refactor for directory: /home/carlos/Escritorio/BENEVOL/results/iteration27/repo
2026-09-14 22:35:39,203 - greencoderefactor - INFO - Using provided output directory: /home/carlos/Escritorio/BENEVOL/results/iteration27/tmp_UnusedAssignmentTransformer
2026-09-14 22:35:39,203 - greencoderefactor - INFO - Transforming file: /home/carlos/Escritorio/BENEVOL/results/iteration27/repo/process_data.py
2026-09-14 22:35:39,203 - greencoderefactor - INFO - Selected transformers: ['UnusedAssignmentTransformer']
2026-09-14 22:35:39,204 - greencoderefactor - INFO - Reading file /home/carlos/Escritorio/BENEVOL/results/iteration27/repo/process_data.py for transformation.
2026-09-14 22:35:39,204 - greencoderefactor - INFO - Transformation log appended for /home/carlos/Escritorio/BENEVOL/results/iteration27/repo/process_data.py.
2026-09-14 22:35:39,205 - greencoderefactor - INFO - No transformations applied. Copied original file: /home/carlos/Escritorio/BENEVOL/results/iteration27/repo/process_data.py
2026-09-14 22:35:39,205 - greencoderefactor - INFO - Transforming file: /home/carlos/Escritorio/BENEVOL/results/iteration27/repo/test_data.py
2026-09-14 22:35:39,205 - greencoderefactor - INFO - Selected transformers: ['UnusedAssignmentTransformer']
2026-09-14 22:35:39,205 - greencoderefactor - INFO - Reading file /home/carlos/Escritorio/BENEVOL/results/iteration27/repo/test_data.py for transformation.
2026-09-14 22:35:39,205 - greencoderefactor - INFO - Transformation log appended for /home/carlos/Escritorio/BENEVOL/results/iteration27/repo/test_data.py.
2026-09-14 22:35:39,205 - greencoderefactor - INFO - No transformations applied. Copied original file: /home/carlos/Escritorio/BENEVOL/results/iteration27/repo/test_data.py
2026-09-14 22:35:39,205 - greencoderefactor - INFO - Transforming file: /home/carlos/Escritorio/BENEVOL/results/iteration27/repo/operations.py
2026-09-14 22:35:39,205 - greencoderefactor - INFO - Selected transformers: ['UnusedAssignmentTransformer']
2026-09-14 22:35:39,205 - greencoderefactor - INFO - Reading file /home/carlos/Escritorio/BENEVOL/results/iteration27/repo/operations.py for transformation.
2026-09-14 22:35:39,205 - greencoderefactor - INFO - Transformation log appended for /home/carlos/Escritorio/BENEVOL/results/iteration27/repo/operations.py.
2026-09-14 22:35:39,205 - greencoderefactor - INFO - No transformations applied. Copied original file: /home/carlos/Escritorio/BENEVOL/results/iteration27/repo/operations.py
2026-09-14 22:35:39,205 - greencoderefactor - INFO - No code changes detected
2026-09-14 22:35:39,205 - greencoderefactor - INFO - Refactor completed successfully. Output directory: /home/carlos/Escritorio/BENEVOL/results/iteration27/tmp_UnusedAssignmentTransformer
2026-09-14 22:35:39,237 - greencoderefactor - INFO - Starting refactor for directory: /home/carlos/Escritorio/BENEVOL/results/iteration28/repo
2026-09-14 22:35:39,237 - greencoderefactor - INFO - Using provided output directory: /home/carlos/Escritorio/BENEVOL/results/iteration28/tmp_ExplicitRaiseToExceptBodyTransformer
2026-09-14 22:35:39,237 - greencoderefactor - INFO - Transforming file: /home/carlos/Escritorio/BENEVOL/results/iteration28/repo/process_data.py
2026-09-14 22:35:39,237 - greencoderefactor - INFO - Selected transformers: ['ExplicitRaiseToExceptBodyTransformer']
2026-09-14 22:35:39,237 - greencoderefactor - INFO - Reading file /home/carlos/Escritorio/BENEVOL/results/iteration28/repo/process_data.py for transformation.
2026-09-14 22:35:39,238 - greencoderefactor - INFO - Transformation log appended for /home/carlos/Escritorio/BENEVOL/results/iteration28/repo/process_data.py.
2026-09-14 22:35:39,238 - greencoderefactor - INFO - No transformations applied. Copied original file: /home/carlos/Escritorio/BENEVOL/results/iteration28/repo/process_data.py
2026-09-14 22:35:39,238 - greencoderefactor - INFO - Transforming file: /home/carlos/Escritorio/BENEVOL/results/iteration28/repo/test_data.py
2026-09-14 22:35:39,238 - greencoderefactor - INFO - Selected transformers: ['ExplicitRaiseToExceptBodyTransformer']
2026-09-14 22:35:39,238 - greencoderefactor - INFO - Reading file /home/carlos/Escritorio/BENEVOL/results/iteration28/repo/test_data.py for transformation.
2026-09-14 22:35:39,239 - greencoderefactor - INFO - Transformation log appended for /home/carlos/Escritorio/BENEVOL/results/iteration28/repo/test_data.py.
2026-09-14 22:35:39,239 - greencoderefactor - INFO - No transformations applied. Copied original file: /home/carlos/Escritorio/BENEVOL/results/iteration28/repo/test_data.py
2026-09-14 22:35:39,239 - greencoderefactor - INFO - Transforming file: /home/carlos/Escritorio/BENEVOL/results/iteration28/repo/operations.py
2026-09-14 22:35:39,239 - greencoderefactor - INFO - Selected transformers: ['ExplicitRaiseToExceptBodyTransformer']
2026-09-14 22:35:39,239 - greencoderefactor - INFO - Reading file /home/carlos/Escritorio/BENEVOL/results/iteration28/repo/operations.py for transformation.
2026-09-14 22:35:39,239 - greencoderefactor - INFO - Transformation log appended for /home/carlos/Escritorio/BENEVOL/results/iteration28/repo/operations.py.
2026-09-14 22:35:39,239 - greencoderefactor - INFO - No transformations applied. Copied original file: /home/carlos/Escritorio/BENEVOL/results/iteration28/repo/operations.py
2026-09-14 22:35:39,239 - greencoderefactor - INFO - No code changes detected
2026-09-14 22:35:39,239 - greencoderefactor - INFO - Refactor completed successfully. Output directory: /home/carlos/Escritorio/BENEVOL/results/iteration28/tmp_ExplicitRaiseToExceptBodyTransformer
2026-09-14 22:35:39,271 - greencoderefactor - INFO - Starting refactor for directory: /home/carlos/Escritorio/BENEVOL/results/iteration28/repo
2026-09-14 22:35:39,271 - greencoderefactor - INFO - Using provided output directory: /home/carlos/Escritorio/BENEVOL/results/iteration28/tmp_UnusedLocalVariablesTransformer
2026-09-14 22:35:39,271 - greencoderefactor - INFO - Transforming file: /home/carlos/Escritorio/BENEVOL/results/iteration28/repo/process_data.py
2026-09-14 22:35:39,271 - greencoderefactor - INFO - Selected transformers: ['UnusedLocalVariablesTransformer']
2026-09-14 22:35:39,272 - greencoderefactor - INFO - Reading file /home/carlos/Escritorio/BENEVOL/results/iteration28/repo/process_data.py for transformation.
2026-09-14 22:35:39,273 - greencoderefactor - INFO - Transformation log appended for /home/carlos/Escritorio/BENEVOL/results/iteration28/repo/process_data.py.
2026-09-14 22:35:39,273 - greencoderefactor - INFO - No transformations applied. Copied original file: /home/carlos/Escritorio/BENEVOL/results/iteration28/repo/process_data.py
2026-09-14 22:35:39,273 - greencoderefactor - INFO - Transforming file: /home/carlos/Escritorio/BENEVOL/results/iteration28/repo/test_data.py
2026-09-14 22:35:39,273 - greencoderefactor - INFO - Selected transformers: ['UnusedLocalVariablesTransformer']
2026-09-14 22:35:39,273 - greencoderefactor - INFO - Reading file /home/carlos/Escritorio/BENEVOL/results/iteration28/repo/test_data.py for transformation.
2026-09-14 22:35:39,273 - greencoderefactor - INFO - Transformation log appended for /home/carlos/Escritorio/BENEVOL/results/iteration28/repo/test_data.py.
2026-09-14 22:35:39,273 - greencoderefactor - INFO - No transformations applied. Copied original file: /home/carlos/Escritorio/BENEVOL/results/iteration28/repo/test_data.py
2026-09-14 22:35:39,273 - greencoderefactor - INFO - Transforming file: /home/carlos/Escritorio/BENEVOL/results/iteration28/repo/operations.py
2026-09-14 22:35:39,273 - greencoderefactor - INFO - Selected transformers: ['UnusedLocalVariablesTransformer']
2026-09-14 22:35:39,273 - greencoderefactor - INFO - Reading file /home/carlos/Escritorio/BENEVOL/results/iteration28/repo/operations.py for transformation.
2026-09-14 22:35:39,273 - greencoderefactor - INFO - Transformation log appended for /home/carlos/Escritorio/BENEVOL/results/iteration28/repo/operations.py.
2026-09-14 22:35:39,274 - greencoderefactor - INFO - No transformations applied. Copied original file: /home/carlos/Escritorio/BENEVOL/results/iteration28/repo/operations.py
2026-09-14 22:35:39,274 - greencoderefactor - INFO - No code changes detected
2026-09-14 22:35:39,274 - greencoderefactor - INFO - Refactor completed successfully. Output directory: /home/carlos/Escritorio/BENEVOL/results/iteration28/tmp_UnusedLocalVariablesTransformer
2026-09-14 22:35:39,305 - greencoderefactor - INFO - Starting refactor for directory: /home/carlos/Escritorio/BENEVOL/results/iteration28/repo
2026-09-14 22:35:39,305 - greencoderefactor - INFO - Using provided output directory: /home/carlos/Escritorio/BENEVOL/results/iteration28/tmp_UnusedAssignmentTransformer
2026-09-14 22:35:39,305 - greencoderefactor - INFO - Transforming file: /home/carlos/Escritorio/BENEVOL/results/iteration28/repo/process_data.py
2026-09-14 22:35:39,305 - greencoderefactor - INFO - Selected transformers: ['UnusedAssignmentTransformer']
2026-09-14 22:35:39,305 - greencoderefactor - INFO - Reading file /home/carlos/Escritorio/BENEVOL/results/iteration28/repo/process_data.py for transformation.
2026-09-14 22:35:39,306 - greencoderefactor - INFO - Transformation log appended for /home/carlos/Escritorio/BENEVOL/results/iteration28/repo/process_data.py.
2026-09-14 22:35:39,306 - greencoderefactor - INFO - No transformations applied. Copied original file: /home/carlos/Escritorio/BENEVOL/results/iteration28/repo/process_data.py
2026-09-14 22:35:39,306 - greencoderefactor - INFO - Transforming file: /home/carlos/Escritorio/BENEVOL/results/iteration28/repo/test_data.py
2026-09-14 22:35:39,306 - greencoderefactor - INFO - Selected transformers: ['UnusedAssignmentTransformer']
2026-09-14 22:35:39,306 - greencoderefactor - INFO - Reading file /home/carlos/Escritorio/BENEVOL/results/iteration28/repo/test_data.py for transformation.
2026-09-14 22:35:39,306 - greencoderefactor - INFO - Transformation log appended for /home/carlos/Escritorio/BENEVOL/results/iteration28/repo/test_data.py.
2026-09-14 22:35:39,307 - greencoderefactor - INFO - No transformations applied. Copied original file: /home/carlos/Escritorio/BENEVOL/results/iteration28/repo/test_data.py
2026-09-14 22:35:39,307 - greencoderefactor - INFO - Transforming file: /home/carlos/Escritorio/BENEVOL/results/iteration28/repo/operations.py
2026-09-14 22:35:39,307 - greencoderefactor - INFO - Selected transformers: ['UnusedAssignmentTransformer']
2026-09-14 22:35:39,307 - greencoderefactor - INFO - Reading file /home/carlos/Escritorio/BENEVOL/results/iteration28/repo/operations.py for transformation.
2026-09-14 22:35:39,307 - greencoderefactor - INFO - Transformation log appended for /home/carlos/Escritorio/BENEVOL/results/iteration28/repo/operations.py.
2026-09-14 22:35:39,307 - greencoderefactor - INFO - No transformations applied. Copied original file: /home/carlos/Escritorio/BENEVOL/results/iteration28/repo/operations.py
2026-09-14 22:35:39,307 - greencoderefactor - INFO - No code changes detected
2026-09-14 22:35:39,307 - greencoderefactor - INFO - Refactor completed successfully. Output directory: /home/carlos/Escritorio/BENEVOL/results/iteration28/tmp_UnusedAssignmentTransformer
2026-09-14 22:35:39,338 - greencoderefactor - INFO - Starting refactor for directory: /home/carlos/Escritorio/BENEVOL/results/iteration29/repo
2026-09-14 22:35:39,338 - greencoderefactor - INFO - Using provided output directory: /home/carlos/Escritorio/BENEVOL/results/iteration29/tmp_ExplicitRaiseToExceptBodyTransformer
2026-09-14 22:35:39,338 - greencoderefactor - INFO - Transforming file: /home/carlos/Escritorio/BENEVOL/results/iteration29/repo/process_data.py
2026-09-14 22:35:39,338 - greencoderefactor - INFO - Selected transformers: ['ExplicitRaiseToExceptBodyTransformer']
2026-09-14 22:35:39,338 - greencoderefactor - INFO - Reading file /home/carlos/Escritorio/BENEVOL/results/iteration29/repo/process_data.py for transformation.
2026-09-14 22:35:39,339 - greencoderefactor - INFO - Transformation log appended for /home/carlos/Escritorio/BENEVOL/results/iteration29/repo/process_data.py.
2026-09-14 22:35:39,339 - greencoderefactor - INFO - No transformations applied. Copied original file: /home/carlos/Escritorio/BENEVOL/results/iteration29/repo/process_data.py
2026-09-14 22:35:39,339 - greencoderefactor - INFO - Transforming file: /home/carlos/Escritorio/BENEVOL/results/iteration29/repo/test_data.py
2026-09-14 22:35:39,339 - greencoderefactor - INFO - Selected transformers: ['ExplicitRaiseToExceptBodyTransformer']
2026-09-14 22:35:39,339 - greencoderefactor - INFO - Reading file /home/carlos/Escritorio/BENEVOL/results/iteration29/repo/test_data.py for transformation.
2026-09-14 22:35:39,340 - greencoderefactor - INFO - Transformation log appended for /home/carlos/Escritorio/BENEVOL/results/iteration29/repo/test_data.py.
2026-09-14 22:35:39,340 - greencoderefactor - INFO - No transformations applied. Copied original file: /home/carlos/Escritorio/BENEVOL/results/iteration29/repo/test_data.py
2026-09-14 22:35:39,340 - greencoderefactor - INFO - Transforming file: /home/carlos/Escritorio/BENEVOL/results/iteration29/repo/operations.py
2026-09-14 22:35:39,340 - greencoderefactor - INFO - Selected transformers: ['ExplicitRaiseToExceptBodyTransformer']
2026-09-14 22:35:39,340 - greencoderefactor - INFO - Reading file /home/carlos/Escritorio/BENEVOL/results/iteration29/repo/operations.py for transformation.
2026-09-14 22:35:39,340 - greencoderefactor - INFO - Transformation log appended for /home/carlos/Escritorio/BENEVOL/results/iteration29/repo/operations.py.
2026-09-14 22:35:39,340 - greencoderefactor - INFO - No transformations applied. Copied original file: /home/carlos/Escritorio/BENEVOL/results/iteration29/repo/operations.py
2026-09-14 22:35:39,340 - greencoderefactor - INFO - No code changes detected
2026-09-14 22:35:39,340 - greencoderefactor - INFO - Refactor completed successfully. Output directory: /home/carlos/Escritorio/BENEVOL/results/iteration29/tmp_ExplicitRaiseToExceptBodyTransformer
2026-09-14 22:35:39,377 - greencoderefactor - INFO - Starting refactor for directory: /home/carlos/Escritorio/BENEVOL/results/iteration29/repo
2026-09-14 22:35:39,377 - greencoderefactor - INFO - Using provided output directory: /home/carlos/Escritorio/BENEVOL/results/iteration29/tmp_UnusedLocalVariablesTransformer
2026-09-14 22:35:39,377 - greencoderefactor - INFO - Transforming file: /home/carlos/Escritorio/BENEVOL/results/iteration29/repo/process_data.py
2026-09-14 22:35:39,377 - greencoderefactor - INFO - Selected transformers: ['UnusedLocalVariablesTransformer']
2026-09-14 22:35:39,377 - greencoderefactor - INFO - Reading file /home/carlos/Escritorio/BENEVOL/results/iteration29/repo/process_data.py for transformation.
2026-09-14 22:35:39,378 - greencoderefactor - INFO - Transformation log appended for /home/carlos/Escritorio/BENEVOL/results/iteration29/repo/process_data.py.
2026-09-14 22:35:39,378 - greencoderefactor - INFO - No transformations applied. Copied original file: /home/carlos/Escritorio/BENEVOL/results/iteration29/repo/process_data.py
2026-09-14 22:35:39,379 - greencoderefactor - INFO - Transforming file: /home/carlos/Escritorio/BENEVOL/results/iteration29/repo/test_data.py
2026-09-14 22:35:39,379 - greencoderefactor - INFO - Selected transformers: ['UnusedLocalVariablesTransformer']
2026-09-14 22:35:39,379 - greencoderefactor - INFO - Reading file /home/carlos/Escritorio/BENEVOL/results/iteration29/repo/test_data.py for transformation.
2026-09-14 22:35:39,379 - greencoderefactor - INFO - Transformation log appended for /home/carlos/Escritorio/BENEVOL/results/iteration29/repo/test_data.py.
2026-09-14 22:35:39,379 - greencoderefactor - INFO - No transformations applied. Copied original file: /home/carlos/Escritorio/BENEVOL/results/iteration29/repo/test_data.py
2026-09-14 22:35:39,379 - greencoderefactor - INFO - Transforming file: /home/carlos/Escritorio/BENEVOL/results/iteration29/repo/operations.py
2026-09-14 22:35:39,379 - greencoderefactor - INFO - Selected transformers: ['UnusedLocalVariablesTransformer']
2026-09-14 22:35:39,379 - greencoderefactor - INFO - Reading file /home/carlos/Escritorio/BENEVOL/results/iteration29/repo/operations.py for transformation.
2026-09-14 22:35:39,379 - greencoderefactor - INFO - Transformation log appended for /home/carlos/Escritorio/BENEVOL/results/iteration29/repo/operations.py.
2026-09-14 22:35:39,379 - greencoderefactor - INFO - No transformations applied. Copied original file: /home/carlos/Escritorio/BENEVOL/results/iteration29/repo/operations.py
2026-09-14 22:35:39,379 - greencoderefactor - INFO - No code changes detected
2026-09-14 22:35:39,379 - greencoderefactor - INFO - Refactor completed successfully. Output directory: /home/carlos/Escritorio/BENEVOL/results/iteration29/tmp_UnusedLocalVariablesTransformer
2026-09-14 22:35:39,412 - greencoderefactor - INFO - Starting refactor for directory: /home/carlos/Escritorio/BENEVOL/results/iteration29/repo
2026-09-14 22:35:39,412 - greencoderefactor - INFO - Using provided output directory: /home/carlos/Escritorio/BENEVOL/results/iteration29/tmp_UnusedAssignmentTransformer
2026-09-14 22:35:39,412 - greencoderefactor - INFO - Transforming file: /home/carlos/Escritorio/BENEVOL/results/iteration29/repo/process_data.py
2026-09-14 22:35:39,412 - greencoderefactor - INFO - Selected transformers: ['UnusedAssignmentTransformer']
2026-09-14 22:35:39,412 - greencoderefactor - INFO - Reading file /home/carlos/Escritorio/BENEVOL/results/iteration29/repo/process_data.py for transformation.
2026-09-14 22:35:39,413 - greencoderefactor - INFO - Transformation log appended for /home/carlos/Escritorio/BENEVOL/results/iteration29/repo/process_data.py.
2026-09-14 22:35:39,413 - greencoderefactor - INFO - No transformations applied. Copied original file: /home/carlos/Escritorio/BENEVOL/results/iteration29/repo/process_data.py
2026-09-14 22:35:39,413 - greencoderefactor - INFO - Transforming file: /home/carlos/Escritorio/BENEVOL/results/iteration29/repo/test_data.py
2026-09-14 22:35:39,413 - greencoderefactor - INFO - Selected transformers: ['UnusedAssignmentTransformer']
2026-09-14 22:35:39,413 - greencoderefactor - INFO - Reading file /home/carlos/Escritorio/BENEVOL/results/iteration29/repo/test_data.py for transformation.
2026-09-14 22:35:39,414 - greencoderefactor - INFO - Transformation log appended for /home/carlos/Escritorio/BENEVOL/results/iteration29/repo/test_data.py.
2026-09-14 22:35:39,414 - greencoderefactor - INFO - No transformations applied. Copied original file: /home/carlos/Escritorio/BENEVOL/results/iteration29/repo/test_data.py
2026-09-14 22:35:39,414 - greencoderefactor - INFO - Transforming file: /home/carlos/Escritorio/BENEVOL/results/iteration29/repo/operations.py
2026-09-14 22:35:39,414 - greencoderefactor - INFO - Selected transformers: ['UnusedAssignmentTransformer']
2026-09-14 22:35:39,414 - greencoderefactor - INFO - Reading file /home/carlos/Escritorio/BENEVOL/results/iteration29/repo/operations.py for transformation.
2026-09-14 22:35:39,414 - greencoderefactor - INFO - Transformation log appended for /home/carlos/Escritorio/BENEVOL/results/iteration29/repo/operations.py.
2026-09-14 22:35:39,414 - greencoderefactor - INFO - No transformations applied. Copied original file: /home/carlos/Escritorio/BENEVOL/results/iteration29/repo/operations.py
2026-09-14 22:35:39,414 - greencoderefactor - INFO - No code changes detected
2026-09-14 22:35:39,414 - greencoderefactor - INFO - Refactor completed successfully. Output directory: /home/carlos/Escritorio/BENEVOL/results/iteration29/tmp_UnusedAssignmentTransformer
2026-09-14 22:35:39,452 - greencoderefactor - INFO - Starting refactor for directory: /home/carlos/Escritorio/BENEVOL/results/iteration30/repo
2026-09-14 22:35:39,452 - greencoderefactor - INFO - Using provided output directory: /home/carlos/Escritorio/BENEVOL/results/iteration30/tmp_ExplicitRaiseToExceptBodyTransformer
2026-09-14 22:35:39,452 - greencoderefactor - INFO - Transforming file: /home/carlos/Escritorio/BENEVOL/results/iteration30/repo/process_data.py
2026-09-14 22:35:39,452 - greencoderefactor - INFO - Selected transformers: ['ExplicitRaiseToExceptBodyTransformer']
2026-09-14 22:35:39,452 - greencoderefactor - INFO - Reading file /home/carlos/Escritorio/BENEVOL/results/iteration30/repo/process_data.py for transformation.
2026-09-14 22:35:39,453 - greencoderefactor - INFO - Transformation log appended for /home/carlos/Escritorio/BENEVOL/results/iteration30/repo/process_data.py.
2026-09-14 22:35:39,453 - greencoderefactor - INFO - No transformations applied. Copied original file: /home/carlos/Escritorio/BENEVOL/results/iteration30/repo/process_data.py
2026-09-14 22:35:39,453 - greencoderefactor - INFO - Transforming file: /home/carlos/Escritorio/BENEVOL/results/iteration30/repo/test_data.py
2026-09-14 22:35:39,453 - greencoderefactor - INFO - Selected transformers: ['ExplicitRaiseToExceptBodyTransformer']
2026-09-14 22:35:39,453 - greencoderefactor - INFO - Reading file /home/carlos/Escritorio/BENEVOL/results/iteration30/repo/test_data.py for transformation.
2026-09-14 22:35:39,453 - greencoderefactor - INFO - Transformation log appended for /home/carlos/Escritorio/BENEVOL/results/iteration30/repo/test_data.py.
2026-09-14 22:35:39,453 - greencoderefactor - INFO - No transformations applied. Copied original file: /home/carlos/Escritorio/BENEVOL/results/iteration30/repo/test_data.py
2026-09-14 22:35:39,453 - greencoderefactor - INFO - Transforming file: /home/carlos/Escritorio/BENEVOL/results/iteration30/repo/operations.py
2026-09-14 22:35:39,453 - greencoderefactor - INFO - Selected transformers: ['ExplicitRaiseToExceptBodyTransformer']
2026-09-14 22:35:39,454 - greencoderefactor - INFO - Reading file /home/carlos/Escritorio/BENEVOL/results/iteration30/repo/operations.py for transformation.
2026-09-14 22:35:39,454 - greencoderefactor - INFO - Transformation log appended for /home/carlos/Escritorio/BENEVOL/results/iteration30/repo/operations.py.
2026-09-14 22:35:39,454 - greencoderefactor - INFO - No transformations applied. Copied original file: /home/carlos/Escritorio/BENEVOL/results/iteration30/repo/operations.py
2026-09-14 22:35:39,454 - greencoderefactor - INFO - No code changes detected
2026-09-14 22:35:39,454 - greencoderefactor - INFO - Refactor completed successfully. Output directory: /home/carlos/Escritorio/BENEVOL/results/iteration30/tmp_ExplicitRaiseToExceptBodyTransformer
2026-09-14 22:35:39,486 - greencoderefactor - INFO - Starting refactor for directory: /home/carlos/Escritorio/BENEVOL/results/iteration30/repo
2026-09-14 22:35:39,486 - greencoderefactor - INFO - Using provided output directory: /home/carlos/Escritorio/BENEVOL/results/iteration30/tmp_UnusedLocalVariablesTransformer
2026-09-14 22:35:39,486 - greencoderefactor - INFO - Transforming file: /home/carlos/Escritorio/BENEVOL/results/iteration30/repo/process_data.py
2026-09-14 22:35:39,486 - greencoderefactor - INFO - Selected transformers: ['UnusedLocalVariablesTransformer']
2026-09-14 22:35:39,486 - greencoderefactor - INFO - Reading file /home/carlos/Escritorio/BENEVOL/results/iteration30/repo/process_data.py for transformation.
2026-09-14 22:35:39,487 - greencoderefactor - INFO - Transformation log appended for /home/carlos/Escritorio/BENEVOL/results/iteration30/repo/process_data.py.
2026-09-14 22:35:39,487 - greencoderefactor - INFO - No transformations applied. Copied original file: /home/carlos/Escritorio/BENEVOL/results/iteration30/repo/process_data.py
2026-09-14 22:35:39,487 - greencoderefactor - INFO - Transforming file: /home/carlos/Escritorio/BENEVOL/results/iteration30/repo/test_data.py
2026-09-14 22:35:39,487 - greencoderefactor - INFO - Selected transformers: ['UnusedLocalVariablesTransformer']
2026-09-14 22:35:39,487 - greencoderefactor - INFO - Reading file /home/carlos/Escritorio/BENEVOL/results/iteration30/repo/test_data.py for transformation.
2026-09-14 22:35:39,488 - greencoderefactor - INFO - Transformation log appended for /home/carlos/Escritorio/BENEVOL/results/iteration30/repo/test_data.py.
2026-09-14 22:35:39,488 - greencoderefactor - INFO - No transformations applied. Copied original file: /home/carlos/Escritorio/BENEVOL/results/iteration30/repo/test_data.py
2026-09-14 22:35:39,488 - greencoderefactor - INFO - Transforming file: /home/carlos/Escritorio/BENEVOL/results/iteration30/repo/operations.py
2026-09-14 22:35:39,488 - greencoderefactor - INFO - Selected transformers: ['UnusedLocalVariablesTransformer']
2026-09-14 22:35:39,488 - greencoderefactor - INFO - Reading file /home/carlos/Escritorio/BENEVOL/results/iteration30/repo/operations.py for transformation.
2026-09-14 22:35:39,488 - greencoderefactor - INFO - Transformation log appended for /home/carlos/Escritorio/BENEVOL/results/iteration30/repo/operations.py.
2026-09-14 22:35:39,488 - greencoderefactor - INFO - No transformations applied. Copied original file: /home/carlos/Escritorio/BENEVOL/results/iteration30/repo/operations.py
2026-09-14 22:35:39,488 - greencoderefactor - INFO - No code changes detected
2026-09-14 22:35:39,488 - greencoderefactor - INFO - Refactor completed successfully. Output directory: /home/carlos/Escritorio/BENEVOL/results/iteration30/tmp_UnusedLocalVariablesTransformer
2026-09-14 22:35:39,522 - greencoderefactor - INFO - Starting refactor for directory: /home/carlos/Escritorio/BENEVOL/results/iteration30/repo
2026-09-14 22:35:39,522 - greencoderefactor - INFO - Using provided output directory: /home/carlos/Escritorio/BENEVOL/results/iteration30/tmp_UnusedAssignmentTransformer
2026-09-14 22:35:39,522 - greencoderefactor - INFO - Transforming file: /home/carlos/Escritorio/BENEVOL/results/iteration30/repo/process_data.py
2026-09-14 22:35:39,522 - greencoderefactor - INFO - Selected transformers: ['UnusedAssignmentTransformer']
2026-09-14 22:35:39,523 - greencoderefactor - INFO - Reading file /home/carlos/Escritorio/BENEVOL/results/iteration30/repo/process_data.py for transformation.
2026-09-14 22:35:39,524 - greencoderefactor - INFO - Transformation log appended for /home/carlos/Escritorio/BENEVOL/results/iteration30/repo/process_data.py.
2026-09-14 22:35:39,524 - greencoderefactor - INFO - No transformations applied. Copied original file: /home/carlos/Escritorio/BENEVOL/results/iteration30/repo/process_data.py
2026-09-14 22:35:39,524 - greencoderefactor - INFO - Transforming file: /home/carlos/Escritorio/BENEVOL/results/iteration30/repo/test_data.py
2026-09-14 22:35:39,524 - greencoderefactor - INFO - Selected transformers: ['UnusedAssignmentTransformer']
2026-09-14 22:35:39,524 - greencoderefactor - INFO - Reading file /home/carlos/Escritorio/BENEVOL/results/iteration30/repo/test_data.py for transformation.
2026-09-14 22:35:39,524 - greencoderefactor - INFO - Transformation log appended for /home/carlos/Escritorio/BENEVOL/results/iteration30/repo/test_data.py.
2026-09-14 22:35:39,524 - greencoderefactor - INFO - No transformations applied. Copied original file: /home/carlos/Escritorio/BENEVOL/results/iteration30/repo/test_data.py
2026-09-14 22:35:39,524 - greencoderefactor - INFO - Transforming file: /home/carlos/Escritorio/BENEVOL/results/iteration30/repo/operations.py
2026-09-14 22:35:39,524 - greencoderefactor - INFO - Selected transformers: ['UnusedAssignmentTransformer']
2026-09-14 22:35:39,524 - greencoderefactor - INFO - Reading file /home/carlos/Escritorio/BENEVOL/results/iteration30/repo/operations.py for transformation.
2026-09-14 22:35:39,524 - greencoderefactor - INFO - Transformation log appended for /home/carlos/Escritorio/BENEVOL/results/iteration30/repo/operations.py.
2026-09-14 22:35:39,524 - greencoderefactor - INFO - No transformations applied. Copied original file: /home/carlos/Escritorio/BENEVOL/results/iteration30/repo/operations.py
2026-09-14 22:35:39,524 - greencoderefactor - INFO - No code changes detected
2026-09-14 22:35:39,524 - greencoderefactor - INFO - Refactor completed successfully. Output directory: /home/carlos/Escritorio/BENEVOL/results/iteration30/tmp_UnusedAssignmentTransformer
